site	category	title	framework	builder_cms	ui	motion_3d	other_libs	motion_tier	look	fonts	host	tailwind_version
activecampaign.com	CRM & sales	Marketing automation for any business   ActiveCampaign			Tailwind, Registry motion classes		Swiper	JS motion	Dark, vivid, blue accent · span grid · marquee · video	IBM Plex Sans, Owners	Cloudflare	3.4.19
affinity.co	CRM & sales	Affinity: CRM for Private Capital		Webflow		GSAP, GSAP ScrollTrigger, Lenis	Swiper, lucide icons	Scroll-choreographed	Dark, red accent · marquee · video	Booton, Abcarizonamix	Cloudflare	
amplemarket.com	CRM & sales	Amplemarket: AI Sales Copilot for sales teams		Webflow		Lottie, CSS scroll-driven	Splide	Scroll-choreographed	Light, muted · canvas	Labil Grotesk, Geistmono	Cloudflare	
apollo.io	CRM & sales	The AI GTM System for Go-to-Market Teams   Apollo	Next.js		MUI, Tailwind, Emotion	Motion (Framer Motion)	Embla Carousel	JS motion	Light, muted, yellow accent · serif display · span grid · marquee · video	foundersGrotesk, Founders Grotesk	Netlify	
attio.com	CRM & sales	Attio: The CRM for agentic revenue	Next.js	Storyblok	Radix, Base UI, Tailwind	Motion (Framer Motion)	lucide icons	JS motion	Light, muted · canvas		Vercel	
bitrix24.com	CRM & sales	Bitrix24 - Free online workspace for your business: CRM, ta…			Bootstrap			Static/CSS	Mid-tone, vivid, blue accent · video	Montserrat	qrator	
breakcold.com	CRM & sales	Breakcold - The AI-Native CRM for Salespeople & AI Agents	Next.js		shadcn/ui (likely), Radix, Tailwind		lucide icons	Static/CSS	Light, muted, blue accent · span grid		Vercel	
capsulecrm.com	CRM & sales	CRM Made Simple   Capsule CRM	Gatsby	Sanity				Static/CSS	Light, muted · mono accents · video	GT-America-Standard, GT-America-Condensed	AWS CloudFront	
chilipiper.com	CRM & sales	Chili Piper   AI Website Conversion Platform	Next.js		Tailwind, Registry motion classes	CSS scroll-driven		Scroll-choreographed	Light, red accent · marquee	Source Code Pro, Calibre	Vercel	
clarify.ai	CRM & sales	Clarify - The Autonomous CRM	Next.js	Sanity	Radix, Headless UI, Tailwind, Registry motion classes	Motion (Framer Motion)	Embla Carousel, lucide icons	JS motion	Light · span grid · marquee · canvas	Caveat, TT Interphases Pro	Vercel	
clay.com	CRM & sales	Clay   Build systems to grow revenue		Webflow		GSAP, GSAP ScrollTrigger, Rive, Lottie	Swiper, Splide, Phosphor icons	Scroll-choreographed	Mid-tone, vivid, teal accent · serif display · marquee · video	Roobert, Canela	AWS CloudFront	
close.com	CRM & sales	Close CRM   The CRM That Does the Work	Astro	Sanity	Tailwind			Static/CSS	Dark, blue accent · video · canvas	InnovatorGroteskVF, Innovatorgroteskvf	Vercel	
cognism.com	CRM & sales	Your No. 1 Choice in Premium Sales Intelligence   Cognism		HubSpot CMS		GSAP, GSAP ScrollTrigger	Font Awesome	Scroll-choreographed	Mid-tone, vivid, blue accent · marquee	Roobert, Font Awesome 7 Pro	Cloudflare	
commonroom.io	CRM & sales	Complete Buyer Intelligence That Turns Intent Into Pipeline	Gatsby	Sanity	Tailwind, Registry motion classes	Lottie, react-spring	Font Awesome	JS motion	Light, muted, green accent · span grid · marquee · video	Suisse Intl, Bebas Neue Pro	Netlify	2.1.2
copper.com	CRM & sales	CRM Software Solutions Company for Service Businesses   Cop…		Webflow		GSAP, GSAP ScrollTrigger	Swiper	Scroll-choreographed	Light, muted, red accent	Inter Variablefont Opsz Wght, Robotomono Variablefont Wght	Cloudflare	
creatio.com	CRM & sales	AI CRM and Workflow Platform   Creatio						Static/CSS	Light, blue accent · video	Courier Prime		
day.ai	CRM & sales	Day AI   Scale Your Company Brain	React		shadcn/ui (likely), Radix, Base UI, MUI, Tailwind, Emotion, Registry motion classes	Motion (Framer Motion), react-spring	Recharts, Tiptap/ProseMirror, Lexical, Sonner, Swiper, Heroicons	JS motion	Light + dark (follows OS), blue accent · mono accents	Berkeley Mono, Barlow	Netlify	4.2.1
default.com	CRM & sales	Default   Modern foundations for go-to-market	Next.js	Sanity	Tailwind, Registry motion classes	Motion (Framer Motion)	lucide icons	JS motion	Dark, muted, blue accent · mono accents · span grid · marquee	Inter, Geist Mono	Vercel	
espocrm.com	CRM & sales	EspoCRM — #1 Open Source CRM		WordPress				Static/CSS	Mid-tone, vivid, orange accent · video	Roboto, Glyphicons Halflings	nginx	
folk.app	CRM & sales	folk, the CRM that works for you		Webflow			Swiper	Static/CSS	Light, muted · marquee	Inter, webflow-icons	Cloudflare	
gainsight.com	CRM & sales	Customer Success and Retention Platform   Gainsight		WordPress	Bootstrap		Swiper, Font Awesome	Static/CSS	Light, orange accent · marquee	Montserrat	Cloudflare	
getdex.com	CRM & sales	Personal CRM for your relationships   Dex	React		shadcn/ui (likely), Base UI, Tailwind	Lottie	cmdk, lucide icons	JS motion	Light, muted, blue accent · serif display · marquee	Cormorant, DM Sans	Cloudflare	4.3.3
gohighlevel.com	CRM & sales	GoHighLevel - It's time to take your Agency to the Next Lev…	Nuxt				Font Awesome	Static/CSS	Mid-tone, vivid, blue accent · video	Poppins, Poppins-fallback	Cloudflare	
gong.io	CRM & sales	Gong - Revenue AI OS	Next.js	Sanity	Radix, Tailwind, styled-components, Registry motion classes	Motion (Framer Motion), Rive, Lottie	Recharts, Swiper	JS motion	Light, violet accent · span grid · marquee · canvas	Inter Tight, Inter	Vercel	
hubspot.com	CRM & sales	HubSpot   Software & Tools for your Business - Homepage		HubSpot CMS				Static/CSS	Light, orange accent · serif display · video	Zen Kaku Gothic New, HubSpot Sans	Cloudflare	
hunter.io	CRM & sales	Find email addresses and send cold emails • Hunter	Hotwire/Turbo, React		Radix, Bootstrap	Motion (Framer Motion), Lottie	Chart.js, Swiper, lucide icons, Font Awesome	JS motion	Light, muted, red accent · marquee · canvas	Inter, Font Awesome 6 Pro	Cloudflare	
instantly.ai	CRM & sales	Sales Engagement and Lead Intelligence   Instantly		Webflow		Unicorn Studio	Swiper, Splide	3D/WebGL	Mid-tone, vivid, blue accent · marquee	Inter, Avertastd	Cloudflare	
keap.com	CRM & sales	Small Business CRM & Automation   Keap	Laravel, Vue		Tailwind	Motion (Framer Motion)		JS motion	Light, orange accent · mono accents · span grid · video	Sul Sans, GT Walsheim	Cloudflare	
krayincrm.com	CRM & sales	Open Source CRM   22k+ GitHub Stars	Laravel	WordPress	Tailwind			Static/CSS	Light, blue accent	Inter	Cloudflare	
lemlist.com	CRM & sales	The only platform you need for outbound   lemlist	Next.js	WordPress, Storyblok	Tailwind	Lottie	Font Awesome	JS motion	Mid-tone, vivid, orange accent · mono accents · marquee	Manrope, JetBrains Mono	Vercel	
lessannoyingcrm.com	CRM & sales	Less Annoying CRM   Simple Contact Management for Small Bus…		Webflow				Static/CSS	Light, orange accent · serif display · marquee · video	webflow-icons, DM Serif Display	Cloudflare	
lightfield.app	CRM & sales	Lightfield — AI-native CRM	Next.js	Sanity	shadcn/ui (likely), Radix, Tailwind, styled-components	GSAP, GSAP ScrollTrigger, Lenis, Motion (Framer Motion)	Embla Carousel	Scroll-choreographed	Light, muted · mono accents · marquee · canvas	Inter, DM Mono	Vercel	
lusha.com	CRM & sales	Lusha   B2B Data and AI Prospecting for GTM Teams and AI Ag…		WordPress	Bootstrap	Lottie	Embla Carousel	JS motion	Light, blue accent	Social	Kinsta	
momentum.io	CRM & sales	Momentum: AI Revenue Orchestration Platform		Webflow	Emotion	GSAP, GSAP ScrollTrigger, Rive	Swiper, Splide, Font Awesome	Scroll-choreographed	Light, muted · video · canvas	Aeonik, webflow-icons	Cloudflare	
monday.com	CRM & sales	The AI Work Platform for People & Agents   monday.com		Webflow		GSAP, GSAP ScrollTrigger, Lottie	Swiper, Splide	Scroll-choreographed	Light, muted, teal accent · serif display · marquee · video	Poppins, webflow-icons	AWS CloudFront	
nocrm.io	CRM & sales	noCRM   The action-driven sales management tool to close mo…		Webflow		GSAP, GSAP ScrollTrigger, Lottie	Swiper	Scroll-choreographed	Light + dark (follows OS), muted · video	webflow-icons, Inter Variable Optimized	nginx	
nutshell.com	CRM & sales	Powerful & Easy-to-Use CRM for Small Businesses   Nutshell		WordPress		Matter.js		JS motion	Light, orange accent	Doyle, IBM Plex Sans	Kinsta	
onpipeline.com	CRM & sales	Sales CRM from Lead to Revenue   Onpipeline		WordPress		Lottie	Swiper, Font Awesome	JS motion	Light, blue accent	Inter	Cloudflare	
outreach.io	CRM & sales	Agentic AI Platform for Revenue Teams   Outreach		Webflow		GSAP, GSAP ScrollTrigger	Swiper, Phosphor icons	Scroll-choreographed	Dark, vivid, violet accent · marquee	webflow-icons	Cloudflare	
people.ai	CRM & sales	Backstory: AI Revenue Platform for Sales Teams		Webflow	Tailwind		Swiper, lucide icons	Static/CSS	Light + dark (follows OS), muted · mono accents · marquee · video	Chivo Mono, KMR Waldenburg	Cloudflare	
pipedrive.com	CRM & sales	Sales CRM & Pipeline Management Software   Pipedrive	Next.js					Static/CSS	Light, blue accent	Inter, Haffer	Cloudflare	
planhat.com	CRM & sales	Planhat		Framer (site builder)		Motion (Framer Motion)		JS motion	Dark, vivid, green accent · mono accents · video	Inter, JetBrains Mono	Framer	
pocus.com	CRM & sales	Pocus   10x your sales team with AI		Webflow		GSAP, Lottie	Swiper	JS motion	Mid-tone, vivid, violet accent · marquee · video	Pulp Display, Moret	Cloudflare	
proposify.com	CRM & sales	Proposify - Proposal Software to Streamline Your Sales Proc…	React	HubSpot CMS	styled-components	Motion (Framer Motion), Lottie	Embla Carousel, Material Symbols	JS motion	Mid-tone, vivid, teal accent · marquee	Gellix-Regular, Gellix-Light	Cloudflare	
qwilr.com	CRM & sales	Interactive Proposals & Analytics   Qwilr	Remix/React Router	Sanity	Radix	CSS scroll-driven	Embla Carousel	Scroll-choreographed	Light, violet accent · video · canvas	calibre	Cloudflare	
relate.so	CRM & sales	Relate: Modern Sales CRM for B2B Companies		Framer (site builder)	styled-components	Motion (Framer Motion)		JS motion	Light, blue accent · mono accents	Inter, Inter Display	Cloudflare	
salesflare.com	CRM & sales	Salesflare: Intelligent Sales CRM for Small Businesses	Astro				Splide	Static/CSS	Light + dark (follows OS), muted, blue accent	Raleway, Source Sans 3	Netlify	
salesforce.com	CRM & sales	Salesforce: The #1 Agentic AI CRM   Salesforce EU		WordPress				Static/CSS	Light, muted · marquee	Salesforce Sans, Salesforce Icons		
salesloft.com	CRM & sales	The Leading Predictive Revenue System	Next.js		Tailwind	GSAP, GSAP ScrollTrigger, Lottie	Swiper	Scroll-choreographed	Dark, muted, green accent · span grid · marquee	Montserrat, gelica	Cloudflare	4.3.3
smartlead.ai	CRM & sales	Smartlead   Cold Email Software for Sales Teams That Run Ou…		Webflow		Lottie		JS motion	Light, violet accent · marquee · video	Bricolage Grotesque, Inter	Cloudflare	
streak.com	CRM & sales	Streak: Gmail CRM for High-Performing Teams		Webflow		GSAP, GSAP ScrollTrigger, Lottie		Scroll-choreographed	Light, muted · marquee	Inter, Kodemono	Cloudflare	
sugarcrm.com	CRM & sales	The sales CRM for B2B growth   SugarCRM	React	WordPress	Bootstrap		Font Awesome	Static/CSS	Light · video	FontAwesome, dashicons	Cloudflare	
suitecrm.com	CRM & sales	SuiteCRM - Open Source CRM Software for Businesses		WordPress		GSAP, GSAP ScrollTrigger	Swiper, Font Awesome, Material Symbols	Scroll-choreographed	Light · marquee	Nunito, Lato	apache	
teamleader.eu	CRM & sales	CRM, invoices, quotations and projects in one tool   Teamle…	Alpine.js		Tailwind	CSS scroll-driven		Scroll-choreographed	Light, muted, violet accent · span grid · video	Work Sans	Cloudflare	
totango.com	CRM & sales	Totango is now Odie   Learn more		Webflow			Splide	Static/CSS	Light	Staff, Staff \- Condensed	Cloudflare	
twenty.com	CRM & sales	Twenty   #1 Open Source CRM	Next.js		Base UI	Lottie	Embla Carousel	JS motion	Light, muted · canvas	inter, hostGrotesk	Cloudflare	
vitally.io	CRM & sales	Vitally   Your Copilot For AI-Powered Customer Success		Webflow		GSAP, GSAP ScrollTrigger, Lottie	Swiper	Scroll-choreographed	Mid-tone, blue accent · marquee · video	Agrandir Wide, webflow-icons	Cloudflare	
vtiger.com	CRM & sales	Best CRM Software – All in One AI-Powered CRM Platform   Vt…		Prismic	Bootstrap		Font Awesome	Static/CSS	Light, vivid, blue accent · video	Poppins	Cloudflare	
appliku.com	Cloud hosting & PaaS	Deploy Django without managing servers   Appliku	Alpine.js		Flowbite, Tailwind			Static/CSS	Dark, blue accent · span grid		nginx/1.18.0 (ubuntu)	3.4.0
backblaze.com	Cloud hosting & PaaS	High-Performance Cloud Storage for AI Workloads   Backblaze		Webflow		GSAP, GSAP ScrollTrigger		Scroll-choreographed	Dark, vivid, red accent	Spacegrotesk, Dmsans	Cloudflare	
baseten.co	Cloud hosting & PaaS	Inference Platform: Deploy AI models in production   Baseten	Next.js	DatoCMS	Tailwind	GSAP, GSAP ScrollTrigger, Motion (Framer Motion)		Scroll-choreographed	Light, green accent · span grid · marquee	chivoMono, NeueAlteGrotesk	Vercel	3.4.17
blacksmith.sh	Cloud hosting & PaaS	The Fastest Way to Run GitHub Actions   Blacksmith		Webflow		GSAP, GSAP ScrollTrigger		Scroll-choreographed	Light, vivid, yellow accent · marquee · video	webflow-icons	Cloudflare	
buildkite.com	Cloud hosting & PaaS	You deserve better CI   Buildkite	Astro	DatoCMS	shadcn/ui (likely), Radix, Tailwind, Registry motion classes	View Transitions API		JS motion	Dark, vivid, violet accent · mono accents · span grid · marquee · canvas	Aeonik, Departure Mono	AWS CloudFront	4.3.3
bun.sh	Cloud hosting & PaaS	Bun — A fast all-in-one JavaScript runtime	React		Tailwind, Registry motion classes	View Transitions API		JS motion	Light + dark (follows OS), muted · mono accents · marquee · video	Archivo, Martian Mono	Vercel	
bunny.net	Cloud hosting & PaaS	bunny.net - The Global Edge Platform that truly Hops	Gatsby		Bootstrap, Tailwind		Font Awesome	Static/CSS	Mid-tone, vivid, blue accent · span grid · video	Rubik, Font Awesome\ 5 Pro	bunnycdn-tr1-942	3.4.17
circleci.com	Cloud hosting & PaaS	Autonomous validation for the AI era - CircleCI	React	Contentful	Tailwind			Static/CSS	Mid-tone, green accent · span grid · marquee	Inter	AWS CloudFront	4.3.3
cleavr.io	Cloud hosting & PaaS	Home - Cleavr Server Management	Nuxt		Tailwind			Static/CSS	Light, muted · span grid		nginx/1.18.0 (ubuntu)	3.3.2
clever-cloud.com	Cloud hosting & PaaS	Home   Clever Cloud		WordPress			Lexical, Splide	Static/CSS	Mid-tone, blue accent	PlusJakartaSans, rajdhani	apache	
cloud.laravel.com	Cloud hosting & PaaS	Laravel Cloud — The managed cloud for Laravel   Laravel - T…	Laravel, Inertia, Alpine.js, React		Radix, Tailwind	CSS scroll-driven	Swiper	Scroll-choreographed	Light, muted · span grid · marquee · canvas	InstrumentSans Condensed, InstrumentSans SemiCondensed	Cloudflare	4.1.6
cloud66.com	Cloud hosting & PaaS	Cloud 66 - Deploy Your Applications to Any Cloud	Astro		Headless UI, Tailwind, Registry motion classes			JS motion	Light · mono accents · marquee	JetBrains Mono, DM Mono	AWS CloudFront	4.1.11
cloudflare.com	Cloud hosting & PaaS	Cloudflare: Build for the agent era	Astro		shadcn/ui (likely), Tailwind	CSS scroll-driven	Vaul, lucide icons	Scroll-choreographed	Mid-tone, vivid, orange accent · mono accents · span grid · marquee · video · canvas	STK Bureau Sans, FT Kunst Grotesk	Cloudflare	
cloudinary.com	Cloud hosting & PaaS	Image and Video Upload, Storage, Optimization and CDN		WordPress	Bootstrap	GSAP, GSAP ScrollTrigger	Swiper, Font Awesome	Scroll-choreographed	Dark, vivid, blue accent · marquee · video	Inter, VideoJS	Cloudflare	
codefresh.io	Cloud hosting & PaaS	Codefresh and Octopus Deploy - Octopus Deploy		Storyblok		Lottie	Font Awesome	JS motion	Light, blue accent	Inter		
coolify.io	Cloud hosting & PaaS	Coolify	Astro, Svelte		Tailwind		Embla Carousel	Static/CSS	Dark, muted, violet accent	Inter, Phosphor-Duotone	Cloudflare	
coreweave.com	Cloud hosting & PaaS	The Essential Cloud for AI   CoreWeave		Webflow		GSAP, GSAP ScrollTrigger	Font Awesome	Scroll-choreographed	Light, vivid, blue accent · marquee · video	webflow-icons, Plus Jakarta Sans	Cloudflare	
dagger.io	Cloud hosting & PaaS	Dagger — the missing software stack for CI	Astro					Static/CSS	Light + dark (follows OS), muted	General Sans, Inter	Netlify	
deno.com	Cloud hosting & PaaS	Deno, the drop-in JavaScript runtime for Node developers			Tailwind	GSAP, GSAP ScrollTrigger, CSS scroll-driven		Scroll-choreographed	Dark, green accent · marquee · video · canvas	Inter, Moranga	deployd	4.1.18
depot.dev	Cloud hosting & PaaS	Depot   Software Delivery built for machine scale	Remix/React Router		shadcn/ui (likely), Radix, Base UI, Tailwind			Static/CSS	Light + dark (follows OS), muted, blue accent · canvas	Neue Montreal, Neue Montreal Text	AWS CloudFront	4.2.2
digitalocean.com	Cloud hosting & PaaS	AI-Native Cloud   DigitalOcean	Next.js		styled-components, Emotion			Static/CSS	Dark, teal accent · mono accents	Inter, JetBrains Mono	Cloudflare	
dokploy.com	Cloud hosting & PaaS	Dokploy - Deploy your applications with ease	Next.js		shadcn/ui (likely), Radix, Headless UI, Tailwind, Registry motion classes	Motion (Framer Motion)	lucide icons	JS motion	Dark, muted, blue accent · marquee	Inter, Lexend	Cloudflare	3.4.7
encore.dev	Cloud hosting & PaaS	Automated Infrastructure for Humans and Agents — Encore	Next.js		shadcn/ui (likely), Radix, Tailwind, Emotion	GSAP, GSAP ScrollTrigger		Scroll-choreographed	Dark, muted · span grid · marquee	suisseIntl, suisseIntlMono	Vercel	
env0.com	Cloud hosting & PaaS	env zero: The Autonomous Cloud Control Plane for the AI era		Webflow		GSAP, GSAP ScrollTrigger, Lottie	Swiper	Scroll-choreographed	Light, vivid, green accent · serif display · marquee · video	Open Sauce One, ABC Whyte	Cloudflare	
envoyer.io	Cloud hosting & PaaS	Envoyer - Zero Downtime PHP Deployment	Laravel		Tailwind			Static/CSS	Light, red accent		Cloudflare	3.4.17
fal.ai	Cloud hosting & PaaS	Generative AI   Run Image, Video, 3D and Audio Models   fal	Next.js		Radix, Tailwind	Motion (Framer Motion), CSS scroll-driven	Recharts, Tiptap/ProseMirror, cmdk, Vaul	Scroll-choreographed	Light, vivid, violet accent · mono accents · span grid · marquee · canvas	Chivo Mono, Public Sans	Vercel	
fastly.com	Cloud hosting & PaaS	Powering the best of the internet   Fastly	Astro				Embla Carousel	Static/CSS	Dark, muted, blue accent · mono accents · marquee	TTHovesPro-c66fd427fd6ba346, Roboto Mono-d878d9db37b67e87	Fastly	
fly.io	Cloud hosting & PaaS	Fly · Computers for agents			Tailwind		Chart.js, Mapbox/MapLibre/Leaflet	Static/CSS	Light, violet accent · mono accents · marquee	Mackinac, Fragment Mono	Fly.io	3.4.1
forge.laravel.com	Cloud hosting & PaaS	Forge - Simple server management for PHP and beyond   Larav…	Laravel, Inertia, Alpine.js, React		Tailwind	CSS scroll-driven	Swiper	Scroll-choreographed	Light, muted · span grid · marquee · video	InstrumentSans Condensed, InstrumentSans SemiCondensed	Cloudflare	4.1.6
genezio.com	Cloud hosting & PaaS	Genezio   Enterprise AI Visibility Platform	Remix/React Router		shadcn/ui (likely), Radix, Tailwind		Recharts, cmdk, lucide icons	Static/CSS	Dark, muted, green accent	Inter	Vercel	
harness.io	Cloud hosting & PaaS	Harness: AI Platform for the Autonomous SDLC		Webflow		GSAP, GSAP ScrollTrigger, Lottie	lucide icons	Scroll-choreographed	Light, muted	Circularstd, Geist	traceable-cloud-waap	
heroku.com	Cloud hosting & PaaS	Heroku   The Cloud Application Platform For Developers		WordPress			Swiper, Font Awesome, Material Symbols	Static/CSS	Mid-tone, vivid, violet accent	Salesforce Sans, BentonSans	nginx	
hetzner.com	Cloud hosting & PaaS	Günstige Dedicated Server, Cloud & Hosting aus Deutschland	React		Tailwind, Emotion		Swiper, Font Awesome	Static/CSS	Mid-tone, blue accent	Inter, Montserrat	heray	
hostinger.com	Cloud hosting & PaaS	Hostinger - Bring Your Idea Online With a Website	Nuxt		Bootstrap	View Transitions API, CSS scroll-driven	Chart.js, Swiper	Scroll-choreographed	Dark, vivid, violet accent · marquee · video	Noto Sans, Noto Sans Devanagari	Cloudflare	
imagekit.io	Cloud hosting & PaaS	Image & Video API, Agentic DAM, Creative Automation: Comple…	Next.js		Radix, Tailwind			Static/CSS	Light, muted, blue accent · video	Poppins, Inter	AWS CloudFront	3.4.19
kinsta.com	Cloud hosting & PaaS	Kinsta® - Simply better hosting for WordPress	React	WordPress	Mantine	Lottie	Swiper	JS motion	Light, orange accent · video	Noto Sans JP, Reckless Neue	Kinsta	
koyeb.com	Cloud hosting & PaaS	Koyeb: High-performance Infrastructure for APIs, Inference,…	Next.js		Tailwind	Motion (Framer Motion)		JS motion	Light, green accent · mono accents · span grid · video	JetBrains Mono, Anton	Cloudflare	
lambda.ai	Cloud hosting & PaaS	AI compute in the cloud   Lambda		HubSpot CMS		Spline		3D/WebGL	Dark, muted, violet accent · mono accents	Suisse Intl, Suisse Intl Mono	Cloudflare	
laravel.com	Cloud hosting & PaaS	Laravel - The clean stack for Artisans and agents	Laravel, Inertia, Alpine.js, React		Radix, Tailwind	CSS scroll-driven	Swiper	Scroll-choreographed	Light, red accent · span grid · marquee	InstrumentSans Condensed, InstrumentSans SemiCondensed	Cloudflare	4.1.6
modal.com	Cloud hosting & PaaS	Modal: High-performance AI infrastructure	SvelteKit, Svelte		Tailwind		Sonner, lucide icons	Static/CSS	Dark, muted, green accent · mono accents · span grid · marquee · video · canvas	Fira Mono, ABC Diatype	AWS CloudFront	4.2.2
namespace.so	Cloud hosting & PaaS	Accelerate your developer workflow   Namespace	Next.js		Radix, Headless UI, Tailwind		cmdk, lucide icons	Static/CSS	Dark, vivid, blue accent · serif display · video	IBM Plex Serif, Inter	Vercel	3.4.19
netlify.com	Cloud hosting & PaaS	Push your ideas to the web   Netlify	Astro		Tailwind	View Transitions API, CSS scroll-driven		Scroll-choreographed	Mid-tone, teal accent · mono accents · canvas	Martian Mono, Instrument Sans	Netlify	
nightwatch.laravel.com	Cloud hosting & PaaS	Laravel Nightwatch — First-class monitoring for Laravel app…	Laravel, Inertia, Alpine.js, React		Tailwind	CSS scroll-driven	Swiper	Scroll-choreographed	Dark, muted, blue accent · span grid · marquee · video	InstrumentSans Condensed, InstrumentSans SemiCondensed	Cloudflare	4.1.6
nitric.io	Cloud hosting & PaaS	Nitric Cloud-Native Framework   Get Infrastructure from Cod…	Next.js		shadcn/ui (likely), Radix, Tailwind			Static/CSS	Light, muted	GeistSans, GeistMono	Vercel	3.4.17
northflank.com	Cloud hosting & PaaS	Northflank — The runtime platform for AI-native companies	Next.js		styled-components, Emotion	View Transitions API		JS motion	Dark · serif display · mono accents	Inter, JetBrains Mono	Fastly	
nova.laravel.com	Cloud hosting & PaaS	Laravel Nova - Beautifully-designed administration panel fo…	Laravel, Alpine.js		Tailwind, Emotion		Material Symbols	Static/CSS	Light + dark (follows OS), teal accent · span grid	Nunito	Cloudflare	3.4.19
octopus.com	Cloud hosting & PaaS	Continuous Deployment & Delivery Software for DevOps teams …		Storyblok		Lottie	Font Awesome	JS motion	Dark, blue accent	Inter		
pantheon.io	Cloud hosting & PaaS	WebOps Platform for Building High Impact Websites   Pantheo…					Swiper	Static/CSS	Light, vivid, yellow accent · video	Aleo, swiper-icons	Fastly	
platformatic.dev	Cloud hosting & PaaS	Platformatic HQ	Next.js		shadcn/ui (likely), Radix, Tailwind		Embla Carousel, lucide icons	Static/CSS	Dark, muted	Inter	Vercel	3.4.17
ploi.io	Cloud hosting & PaaS	Ploi — Server Management Tool	Laravel, Alpine.js		Tailwind			Static/CSS	Dark, vivid, blue accent · mono accents	JetBrains Mono, Avio Sans	Cloudflare	4.2.2
porter.run	Cloud hosting & PaaS	Porter   Platform as a Service, Reimagined.		Webflow		three.js, GSAP, GSAP ScrollTrigger, Lottie	Swiper	3D/WebGL	Light, yellow accent · mono accents · video	Riforma LL, webflow-icons	Cloudflare	
pulumi.com	Cloud hosting & PaaS	The infrastructure as code platform for the AI era – Pulumi			Tailwind	GSAP, GSAP ScrollTrigger	Swiper	Scroll-choreographed	Light, muted, violet accent · marquee	Inter, Monaspace Neon Var	AWS CloudFront	
qovery.com	Cloud hosting & PaaS	Qovery - The Agentic Infrastructure Platform	React		Tailwind	Motion (Framer Motion)	lucide icons	JS motion	Light, vivid, violet accent	Replica LL, Geist	Cloudflare	
railway.com	Cloud hosting & PaaS	Railway   The all-in-one intelligent cloud provider	React		Radix, React Aria, Tailwind, Emotion, Registry motion classes	CSS scroll-driven	cmdk, lucide icons	Scroll-choreographed	Dark · serif display · mono accents · span grid · marquee	Inter Tight, JetBrains Mono	Railway	
render.com	Cloud hosting & PaaS	Render   The cloud for builders	Next.js	Sanity	Radix, Tailwind	Motion (Framer Motion), Lottie		JS motion	Light + dark (follows OS), muted · span grid	PPNeueMontreal, PPNeueMontrealMono	Render	
replicate.com	Cloud hosting & PaaS	Replicate - Run AI with an API	Remix/React Router		Tailwind	Paper Shaders, Motion (Framer Motion), Lottie		3D/WebGL	Light + dark (follows OS), vivid, pink accent · span grid · marquee · video	basier-square, jetbrains-mono	Cloudflare	3.4.17
runcloud.io	Cloud hosting & PaaS	RunCloud - PHP Cloud Server Management Panel	Laravel, Hotwire/Turbo, Vue	WordPress	Bootstrap			Static/CSS	Dark	runcloudnicon, Instrument Sans	Cloudflare	
runpod.io	Cloud hosting & PaaS	The AI Developer Cloud   Runpod		Webflow		GSAP, Lottie	Swiper, Splide	JS motion	Dark, violet accent · marquee · video	ABC Diatype, webflow-icons	Cloudflare	
scalingo.com	Cloud hosting & PaaS	European PaaS & DBaaS for Secure Cloud Hosting   Scalingo		Framer (site builder)				Static/CSS	Dark, vivid, red accent · mono accents	IBM Plex Sans, Inter	Framer	
semaphore.io	Cloud hosting & PaaS	Continuous Integration & Delivery - Semaphore		WordPress	Emotion		Splide	Static/CSS	Dark · marquee	Inter	Kinsta	
serverpilot.io	Cloud hosting & PaaS	Cloud server management	Astro		Tailwind			Static/CSS	Mid-tone, vivid, blue accent · span grid	Inter, Lexend		
sevalla.com	Cloud hosting & PaaS	Sevalla   Ship Production Apps Without Infrastructure	Next.js		shadcn/ui (likely), Radix, Tailwind, Registry motion classes	Motion (Framer Motion)		JS motion	Light + dark (follows OS), orange accent · marquee	Inter, FunnelDisplay	Cloudflare	3.4.3
sliplane.io	Cloud hosting & PaaS	Sliplane - The Simple European Cloud	Nuxt		Tailwind		lucide icons	Static/CSS	Mid-tone, muted, blue accent · span grid · marquee	Manrope	bunnycdn-tr1-942	
spacelift.io	Cloud hosting & PaaS	The IaC Orchestration Platform Engineers Trust   Spacelift	Next.js	WordPress		react-spring	Swiper	JS motion	Dark, blue accent · mono accents	Nunito Sans, Istok	Vercel	
sst.dev	Cloud hosting & PaaS	SST	Astro, Svelte		Mantine			Static/CSS	Light + dark (follows OS), muted · mono accents	IBM Plex Mono, Rubik	AWS CloudFront	
tigrisdata.com	Cloud hosting & PaaS	Tigris - The Storage Cloud Purpose Built for AI	Next.js		Tailwind, Registry motion classes			JS motion	Dark, green accent · mono accents · marquee	Geist Mono, Geist	Vercel	4.2.2
together.ai	Cloud hosting & PaaS	Together AI   The AI Native Cloud		Webflow		GSAP, GSAP ScrollTrigger	Swiper	Scroll-choreographed	Light, blue accent · mono accents · marquee · video	PP Neue Montreal Mono, The Future Mono	Cloudflare	
uploadthing.com	Cloud hosting & PaaS	uploadthing	Next.js		shadcn/ui (likely), Radix, React Aria, Tailwind		Recharts, cmdk, Sonner	Static/CSS	Dark, red accent · span grid · canvas	Inter	Vercel	
upsun.com	Cloud hosting & PaaS	The software factory for AI-human workflows   Upsun	Gatsby		Emotion			Static/CSS	Dark, blue accent	Space Grotesk, Instrument Sans	Fastly	
vapor.laravel.com	Cloud hosting & PaaS	Deploy your Laravel PHP application to the cloud   Laravel …	Laravel, Alpine.js		Tailwind			Static/CSS	Light, vivid, blue accent	Untitled Sans, GT America	awselb/2.0	
vast.ai	Cloud hosting & PaaS	Rent GPUs   Vast.ai	Next.js		Tailwind, styled-components, Emotion		Swiper	Static/CSS	Dark, muted · marquee	Roboto, swiper-icons	Vercel	3.3.3
vercel.com	Cloud hosting & PaaS	Agentic Infrastructure - Vercel	Next.js		Radix, Tailwind, Registry motion classes	react-spring	Recharts, cmdk, Vaul	JS motion	Light + dark (follows OS), muted · mono accents · span grid · marquee	Geist Mono, GeistSans	Vercel	
warpbuild.com	Cloud hosting & PaaS	WarpBuild - 2x faster, 50% cheaper Github Actions runners	Next.js		shadcn/ui (likely), Radix, Tailwind			Static/CSS	Dark, muted, green accent · span grid	GeistSans, GeistMono	Vercel	
wasabi.com	Cloud hosting & PaaS	Store More and Do More with Your Data   Wasabi	Next.js		MUI, Emotion	react-spring	Swiper	JS motion	Mid-tone, vivid, violet accent	Montserrat	Netlify	
wpengine.com	Cloud hosting & PaaS	Trusted Website Hosting Platform   WP Engine®	Next.js	WordPress	Bootstrap, Emotion		Swiper	Static/CSS	Light, blue accent · serif display	Open Sans, inter	Cloudflare	
zeabur.com	Cloud hosting & PaaS	Zeabur - Your AI DevOps Engineer	Next.js		Headless UI, Tailwind, Registry motion classes	GSAP, GSAP ScrollTrigger, Motion (Framer Motion)	Sonner, lucide icons	Scroll-choreographed	Dark, muted · marquee · canvas	GeistSans, GeistMono	bunnycdn-tr1-942	
akaunting.com	Laravel & PHP ecosystem	Free Accounting Software for Small Businesses - Akaunting	Laravel		Tailwind		Font Awesome, Material Symbols	Static/CSS	Light · span grid	FontAwesome, Font Awesome 6 Free	Cloudflare	2.2.7
backpackforlaravel.com	Laravel & PHP ecosystem	Build Laravel Admin Panels - Fast :: Backpack for Laravel	Laravel, Livewire, Alpine.js		Bootstrap			Static/CSS	Light, muted	HKGroteskPro, Feather	Cloudflare	
beyondco.de	Laravel & PHP ecosystem	Beyond Code	Laravel, Livewire, Alpine.js		Tailwind			Static/CSS	Light, violet accent	Euclid Square, Inter	Cloudflare	4.1.18
bookstackapp.com	Laravel & PHP ecosystem	BookStack						Static/CSS	Light, vivid, blue accent	Roboto	nginx/1.26.3	
craterapp.com	Laravel & PHP ecosystem	Crater - AI-powered Embedded AR&#x2F;AP Automation.	Nuxt		Headless UI, Tailwind	Lottie	lucide icons	JS motion	Light, muted · span grid		Vercel	4.1.5
devdojo.com	Laravel & PHP ecosystem	DevDojo — Build sites & designs at the speed of thought	Laravel, Livewire, Alpine.js		shadcn/ui (likely), Tailwind		Tiptap/ProseMirror, lucide icons	Static/CSS	Dark, orange accent · serif display · marquee · video	Geist, Instrument Serif	Cloudflare	4.1.18
filamentexamples.com	Laravel & PHP ecosystem	All Filament Projects - Filament Examples	Laravel, Livewire, Alpine.js		Tailwind			Static/CSS	Light, muted, orange accent	Inter var	Cloudflare	
filamentphp.com	Laravel & PHP ecosystem	Build Laravel apps & admin panels fast - Filament	Laravel, Livewire, Alpine.js		Tailwind	GSAP, GSAP ScrollTrigger		Scroll-choreographed	Light · mono accents	Albert Sans, Outfit	Cloudflare	4.3.1
fluxui.dev	Laravel & PHP ecosystem	Flux · Livewire UI kit	Laravel, Livewire, Alpine.js		Tailwind		Tiptap/ProseMirror	Static/CSS	Light + dark (follows OS), muted · span grid	Monolisa	Cloudflare	
herd.laravel.com	Laravel & PHP ecosystem	Laravel Herd	Laravel, Alpine.js		Tailwind			Static/CSS	Mid-tone, vivid, red accent	Untitled Sans	Cloudflare	
inertiajs.com	Laravel & PHP ecosystem	Inertia.js - The Modern Monolith	Laravel, Inertia, React		Tailwind, Registry motion classes			JS motion	Mid-tone, vivid, blue accent · mono accents · span grid · marquee	Instrument Sans, Geist Mono	Cloudflare	4.1.11
invoiceninja.com	Laravel & PHP ecosystem	Free Invoicing Software for Small Business - Invoice Ninja		WordPress		Motion (Framer Motion)	Swiper	JS motion	Dark, muted, blue accent	dashicons, Sora	Kinsta	
koel.dev	Laravel & PHP ecosystem	Koel	Nuxt		Tailwind		Font Awesome	Static/CSS	Dark · video	Inter	Netlify	
laracasts.com	Laravel & PHP ecosystem	Learn Laravel   Laracasts	Laravel, Inertia, Alpine.js, Vue		Tailwind			Static/CSS	Dark, blue accent · mono accents · span grid	Hanken Grotesk, Shadow Noir	Cloudflare	
laradock.io	Laravel & PHP ecosystem	Use Docker First - Learn About It Later! Laradock   Laradock	React				lucide icons	Static/CSS	Dark, red accent	Chakra Petch	GitHub Pages	
larajobs.com	Laravel & PHP ecosystem	The Official Laravel Job Board - LaraJobs	Laravel, Livewire, Alpine.js		Tailwind		Swiper	Static/CSS	Light, muted, red accent	swiper-icons	Cloudflare	
laravel-livewire.com	Laravel & PHP ecosystem	Livewire   Laravel Livewire	Laravel, Livewire, Alpine.js, Hotwire/Turbo		Tailwind			Static/CSS	Light, muted, pink accent		Cloudflare	
laravel-news.com	Laravel & PHP ecosystem	Laravel News: Tutorials, Packages & Framework News	Livewire, Alpine.js		Tailwind			Static/CSS	Light, red accent · marquee		Cloudflare	
laravel.io	Laravel & PHP ecosystem	Laravel.io - The Laravel Community Portal	Laravel, Livewire, Alpine.js		Tailwind			Static/CSS	Light, teal accent · span grid		Cloudflare	4.3.3
laravelshift.com	Laravel & PHP ecosystem	Laravel Shift - the automated way to upgrade Laravel applic…	Livewire, Alpine.js		Tailwind		Font Awesome	Static/CSS	Light, red accent	Inter	Cloudflare	4.1.11
leantime.io	Laravel & PHP ecosystem	Leantime - Open Source Project Management Software		WordPress			Swiper, Font Awesome	Static/CSS	Light, teal accent · marquee	Hanken Grotesk, themify	Cloudflare	
livewire.laravel.com	Laravel & PHP ecosystem	Livewire   Laravel Livewire	Laravel, Livewire, Alpine.js		Tailwind			Static/CSS	Dark, red accent · marquee		Cloudflare	
mailcoach.app	Laravel & PHP ecosystem	Mailcoach - Powerful email marketing tools	Alpine.js		Tailwind			Static/CSS	Light, vivid, blue accent	Jokker, Neue Haas	Cloudflare	
matomo.org	Laravel & PHP ecosystem	Privacy-first analytics you can trust - Analytics Platform …		WordPress			Swiper, Font Awesome, Material Symbols	Static/CSS	Dark, teal accent	Brand, Body	AWS CloudFront	
mautic.org	Laravel & PHP ecosystem	Open Source Marketing Automation - Mautic	React	WordPress		Lenis	Swiper, Font Awesome	Scroll-choreographed	Mid-tone, vivid, blue accent	job-manager, give-icomoon	Cloudflare	
monicahq.com	Laravel & PHP ecosystem	Monica — the open-source personal CRM	Alpine.js, Hotwire/Turbo		Tailwind			Static/CSS	Light, muted	Inter	Cloudflare	4.3.3
moonshine-laravel.com	Laravel & PHP ecosystem	MoonShine - admin panel for Laravel projects	Laravel, Alpine.js		Tailwind		Swiper	Static/CSS	Dark, vivid, blue accent · video	Gilroy	angie/1.12.1	
myray.app	Laravel & PHP ecosystem	Debug without breaking your flow - Ray	Laravel, Livewire, Alpine.js		Tailwind	GSAP, GSAP ScrollTrigger		Scroll-choreographed	Dark, vivid, violet accent · mono accents	JetBrains Mono, PT Root UI	nginx	
nativephp.com	Laravel & PHP ecosystem	Baking Delicious Native Apps - NativePHP	Laravel, Livewire, Alpine.js, React		Base UI, Tailwind	GSAP, GSAP ScrollTrigger, Motion (Framer Motion)	lucide icons	Scroll-choreographed	Light + dark (follows OS), blue accent · marquee	Poppins	Cloudflare	4.3.2
nextcloud.com	Laravel & PHP ecosystem	Nextcloud - Open source content collaboration platform		WordPress	Bootstrap		Font Awesome	Static/CSS	Light, vivid, blue accent · marquee · video	Inter, vcpb-plugin-icons	apache	
orchid.software	Laravel & PHP ecosystem	Orchid - Laravel Admin Panel			Bootstrap			Static/CSS	Mid-tone, vivid, violet accent		GitHub Pages	
pestphp.com	Laravel & PHP ecosystem	Pest   The elegant testing framework for PHP developers and…	Laravel, Alpine.js		Tailwind, Registry motion classes			JS motion	Dark, muted · mono accents · span grid · marquee	Archivo, JetBrains Mono	Cloudflare	4.1.12
phpstan.org	Laravel & PHP ecosystem	Find Bugs Without Writing Tests   PHPStan	React		Tailwind			Static/CSS	Light + dark (follows OS), blue accent · video	Inter	AWS CloudFront	
pixelfed.org	Laravel & PHP ecosystem	Pixelfed - Decentralized social media	Laravel, Vue		Bootstrap		Swiper	Static/CSS	Mid-tone, orange accent	Manrope, boxicons	Cloudflare	
saasykit.com	Laravel & PHP ecosystem	SaaSykit - Laravel SaaS Starter Kit   SaaSykit	Laravel, Livewire, Alpine.js		daisyUI, Tailwind	CSS scroll-driven		Scroll-choreographed	Mid-tone, vivid, violet accent	Poppins	Cloudflare	
snipeitapp.com	Laravel & PHP ecosystem	Home - Snipe-IT Free open source IT asset management	Laravel				Font Awesome, Material Symbols	Static/CSS	Mid-tone, vivid, pink accent	Open Sans, Montserrat	Cloudflare	
solidtime.io	Laravel & PHP ecosystem	Solidtime — Open source time tracking for teams	Astro, Alpine.js		Tailwind			Static/CSS	Dark, muted, pink accent · mono accents · marquee · canvas	Inter, JetBrains Mono	bunnycdn-tr1-942	
spark.laravel.com	Laravel & PHP ecosystem	Laravel Spark	Laravel, Alpine.js		Tailwind			Static/CSS	Light, blue accent	Untitled Sans, Inter	Cloudflare	
spatie.be	Laravel & PHP ecosystem	Websites & web applications in Laravel & AI   Spatie	Alpine.js		Tailwind		Font Awesome	Static/CSS	Dark, teal accent	PTRootUI, Druk	nginx	
tallstackui.com	Laravel & PHP ecosystem	TallStackUI: Beautifully crafted components for your next T…	Laravel, Livewire, Alpine.js, React		Tailwind			Static/CSS	Dark, muted, pink accent · span grid		Cloudflare	4.3.1
tighten.com	Laravel & PHP ecosystem	Tighten   Software Development for Web and Mobile   Laravel…	Alpine.js		Tailwind	Lottie	Swiper	JS motion	Mid-tone, vivid, orange accent · serif display · mono accents · span grid	Signifier, Pitch Sans	nginx	
tinkerwell.app	Laravel & PHP ecosystem	The code runner for PHP 💫 - Tinkerwell	Alpine.js		Tailwind, Registry motion classes	GSAP, GSAP ScrollTrigger		Scroll-choreographed	Mid-tone, vivid, blue accent · mono accents · span grid · video	JetBrains Mono, Gilroy	Cloudflare	4.1.11
wireui.dev	Laravel & PHP ecosystem	WireUI Docs V2 - Home	Laravel, Livewire, Alpine.js		Tailwind		Font Awesome	Static/CSS	Light, muted · span grid	Nunito	AWS CloudFront	4.0.9
activepieces.com	Developer tools & APIs	Activepieces: unify your team's AI	Nuxt		Tailwind			Static/CSS	Light, vivid, blue accent · mono accents · span grid	Inter, Fira Code	Cloudflare	4.3.3
apidog.com	Developer tools & APIs		Next.js		Radix, Tailwind, Registry motion classes	Motion (Framer Motion)	lucide icons	JS motion	Light, vivid, blue accent · marquee	Poppins		3.3.7
apify.com	Developer tools & APIs	Apify: Marketplace of ready-to-run tools for AI	Next.js		Bootstrap, styled-components, Emotion		Swiper	Static/CSS	Dark, muted	Inter, GT-Walsheim-Regular	AWS CloudFront	
bolt.new	Developer tools & APIs	Bolt AI builder: Websites, apps & prototypes	Remix/React Router		Radix, Tailwind	Motion (Framer Motion)	Recharts, cmdk, Sonner, Heroicons	JS motion	Dark, vivid, blue accent · span grid · canvas	Inter Display, Inter	Cloudflare	
brightdata.com	Developer tools & APIs	Bright Data: Web Data Infrastructure for Humans & Agents		WordPress		GSAP, GSAP ScrollTrigger	Swiper, Splide	Scroll-choreographed	Dark, vivid, blue accent · marquee		Cloudflare	
browserbase.com	Developer tools & APIs	Browserbase	Next.js	Sanity		View Transitions API	Material Symbols	JS motion	Light, vivid, orange accent · video	plain, gtStandardMono	Vercel	
browserstack.com	Developer tools & APIs	Most Reliable App & Cross Browser Testing Platform   Browse…		WordPress				Static/CSS	Light, blue accent · canvas	Inter	Kinsta	
buildwithfern.com	Developer tools & APIs	Fern: Docs, SDKs, and CLIs for your API	Next.js		shadcn/ui (likely), Radix, Base UI, Tailwind	Motion (Framer Motion), CSS scroll-driven	cmdk, Vaul, lucide icons, Font Awesome	Scroll-choreographed	Light + dark (follows OS), blue accent · mono accents · span grid · marquee	Inter, gtPlanar	Vercel	
bump.sh	Developer tools & APIs	Build APIs for humans and agents · Bump.sh			Tailwind			Static/CSS	Light, muted · mono accents	Saans, Saans Mono	Netlify	4.1.4
charm.sh	Developer tools & APIs	Charm						Static/CSS	Mid-tone, vivid, violet accent · video · canvas		AWS CloudFront	
chromatic.com	Developer tools & APIs	Frontend UI Testing & Review Platform for Teams • Chromatic	Next.js		Radix, Emotion	Motion (Framer Motion)		JS motion	Dark, red accent · video	Nunito Sans	Netlify	
codacy.com	Developer tools & APIs	Codacy   Code Quality & Security for AI-Assisted Engineering		Webflow	Tailwind	GSAP, GSAP ScrollTrigger, Lenis		Scroll-choreographed	Dark, vivid, blue accent · marquee	Inter, webflow-icons	Cloudflare	
codecov.io	Developer tools & APIs	Codecov: Code Coverage Testing & Insights Solution		Webflow, WordPress	Bootstrap		Font Awesome	Static/CSS	Light, muted, pink accent · video	poppins, Noe Display	Fastly	
coderabbit.ai	Developer tools & APIs	AI Code Reviews   CodeRabbit   Try for Free.	Next.js		shadcn/ui (likely), Radix, Base UI, Tailwind, Registry motion classes	Motion (Framer Motion)	cmdk, Sonner, Swiper	JS motion	Dark, muted · span grid · marquee · canvas	Lato, Geist	Vercel	
codesandbox.io	Developer tools & APIs	CodeSandbox: Instant Cloud Development Environments	Next.js		Radix	Motion (Framer Motion)	Material Symbols	JS motion	Dark, green accent · marquee	TWK Everett, Inter	Cloudflare	
cursor.com	Developer tools & APIs	AI Coding Agent for Building Ambitious Software   Cursor	Next.js		shadcn/ui (likely), Radix, Tailwind	View Transitions API	Sonner, lucide icons, Phosphor icons	JS motion	Light + dark (follows OS), muted · serif display · marquee	EB Garamond, Lato	Vercel	
deepsource.com	Developer tools & APIs	DeepSource: The AI Code Review Platform	Nuxt		Headless UI, Flowbite, Tailwind		lucide icons, Heroicons, Font Awesome, Material Symbols	Static/CSS	Light, muted · serif display · mono accents · span grid	Google Sans, Instrument Serif	Vercel	3.4.17
expo.dev	Developer tools & APIs	Expo — Build native apps with React	Next.js	Shopify storefront, Sanity	Radix, Tailwind, Registry motion classes	Motion (Framer Motion)	cmdk	JS motion	Light + dark (follows OS), muted · mono accents · marquee · video · canvas	Inter, JetBrains Mono	Cloudflare	
firecrawl.dev	Developer tools & APIs	Firecrawl - The web data API to search, scrape, and interac…	Next.js		Tailwind	Motion (Framer Motion)	Sonner, lucide icons	JS motion	Light, orange accent · mono accents · canvas	Roboto Mono, suisse	Vercel	
gitbook.com	Developer tools & APIs	The knowledge layer for AI   GitBook		Framer (site builder)		Motion (Framer Motion)		JS motion	Light, muted, orange accent · mono accents	Inter, Geist Mono	Cloudflare	
github.com	Developer tools & APIs	GitHub · Change is constant. GitHub keeps you ahead. · GitH…	Hotwire/Turbo, React	Contentful				Static/CSS	Dark, vivid, green accent · marquee · video		GitHub Pages	
gitkraken.com	Developer tools & APIs	GitKraken Legendary Git Tools   GitKraken		WordPress			Swiper, Font Awesome	Static/CSS	Dark, teal accent	FontAwesome, Inter	Kinsta	
gitlab.com	Developer tools & APIs	GitLab - Speed with control for agentic software engineering	Nuxt				Font Awesome	Static/CSS	Light, orange accent · mono accents · marquee	GitLab Sans, GitLab Mono	Cloudflare	
graphite.com	Developer tools & APIs	Graphite - Code review for the age of AI	Next.js		shadcn/ui (likely), Radix, Tailwind, Registry motion classes	GSAP, GSAP ScrollTrigger	lucide icons	Scroll-choreographed	Dark, muted · mono accents · marquee · video	Inter, matterFont	Vercel	
greptile.com	Developer tools & APIs	AI Code Review   Greptile   Merge 4X Faster, Catch 3X More …	Next.js		Tailwind, Registry motion classes	Motion (Framer Motion)	Chart.js, Sonner	JS motion	Light, muted · mono accents · span grid · marquee	Nanum Pen Script, Anybody	Vercel	
hookdeck.com	Developer tools & APIs	Hookdeck - Reliable webhook infrastructure	Astro					Static/CSS	Light, muted, blue accent · marquee · canvas	Figtree	Vercel	
hoppscotch.io	Developer tools & APIs	Hoppscotch • Open source API development ecosystem	Vue		Tailwind		Lexical, Sonner, Font Awesome, Material Symbols	Static/CSS	Light + dark (follows OS), muted · mono accents	Inter, Roboto Mono	Vercel	
inngest.com	Developer tools & APIs	Durable Execution for Workflows & AI   Inngest	Next.js		Headless UI, Tailwind	Motion (Framer Motion)		JS motion	Dark, muted, red accent · marquee · video	CircularXX, WhyteV1	Vercel	
insomnia.rest	Developer tools & APIs	The Collaborative API Development Platform - Insomnia	Next.js		Tailwind, styled-components		Font Awesome	Static/CSS	Light, muted, violet accent · mono accents · span grid	Roboto, Roboto Mono	Vercel	2.2.19
jam.dev	Developer tools & APIs	Jam: Screen recorder for bugs, feedback, and ideas		Framer (site builder)		Motion (Framer Motion)		JS motion	Light, muted, green accent · canvas	Inter, Geist	Cloudflare	
konghq.com	Developer tools & APIs	Kong, The AI Connectivity Company   Kong Inc.	Next.js			View Transitions API		JS motion	Light + dark (follows OS), green accent · marquee	spaceGrotesk, funnel	AWS CloudFront	
lambdatest.com	Developer tools & APIs	TestMu AI (formerly LambdaTest)   Agentic AI Testing Cloud	Next.js		Tailwind			Static/CSS	Light · mono accents · video	Manrope, Geist Mono	AWS CloudFront	3.4.17
linear.app	Developer tools & APIs	Linear – The system for product development	Next.js		Base UI, styled-components			Static/CSS	Dark, muted · marquee		Cloudflare	
localcan.com	Developer tools & APIs	LocalCan: Public URLs for developers, designers and agents	Next.js		Radix, Tailwind			Static/CSS	Mid-tone · marquee · video · canvas	inter, cascadiaMono	nginx	
mintlify.com	Developer tools & APIs	Mintlify - The Knowledge Platform Built for Agents	Next.js		shadcn/ui (likely), Radix, Tailwind	Motion (Framer Motion), Rive, CSS scroll-driven		Scroll-choreographed	Light + dark (follows OS), muted · mono accents · span grid · marquee · canvas	Geist Mono, inter	Vercel	
n8n.io	Developer tools & APIs	AI Workflow Automation Platform - n8n	Nuxt		Radix, Flowbite, Tailwind	GSAP, GSAP ScrollTrigger	Heroicons, Font Awesome, Material Symbols	Scroll-choreographed	Dark, red accent · span grid · marquee · video	geomanist, geomanist-book	Cloudflare	
ngrok.com	Developer tools & APIs	ngrok: deliver your apps, APIs, and AI on local and prod	Remix/React Router		shadcn/ui (likely), Radix, Tailwind	CSS scroll-driven		Scroll-choreographed	Dark, muted · mono accents	JetBrains Mono, Family		4.3.3
pipedream.com	Developer tools & APIs	Pipedream — The integration layer for AI agents	Astro		Tailwind	CSS scroll-driven		Scroll-choreographed	Light + dark (follows OS), muted · mono accents · span grid · marquee · canvas	Inter, JetBrains Mono	AWS CloudFront	4.3.0
postman.com	Developer tools & APIs	Postman: The World's Leading API Platform   Sign Up for Free	Next.js		Tailwind	react-spring	Tiptap/ProseMirror	JS motion	Mid-tone, vivid, violet accent · span grid · marquee · video	ibmPlexMono, inter	AWS CloudFront	
raycast.com	Developer tools & APIs	Raycast - Your shortcut to everything	Next.js		Radix	Motion (Framer Motion)	Embla Carousel	JS motion	Dark, muted · serif display · mono accents	Inter, JetBrains Mono	Vercel	
readme.com	Developer tools & APIs	ReadMe · Developer-friendly API documentation	Next.js		Tailwind	PixiJS, Locomotive Scroll, Motion (Framer Motion)	Lexical, Swiper, Font Awesome	3D/WebGL	Dark, vivid, blue accent · mono accents	Inter, Geist Mono	Vercel	
replit.com	Developer tools & APIs	AI App and Website Builder   Replit	Next.js, Svelte		React Aria, Tailwind	View Transitions API, CSS scroll-driven		Scroll-choreographed	Light, muted, red accent · mono accents · canvas	IBM Plex Sans, ReplitHack	Cloudflare	
restate.dev	Developer tools & APIs	Restate   The Durable Runtime for your Agents and Backends	Next.js		Tailwind, Registry motion classes	Motion (Framer Motion)	Splide, lucide icons	JS motion	Light, vivid, blue accent · mono accents · marquee · video	Inter, JetBrains Mono	Vercel	4.1.11
scalar.com	Developer tools & APIs	Scalar — API Documentation, SDKs, API Client & Registry	Vue		Radix, Tailwind	View Transitions API, CSS scroll-driven	Tiptap/ProseMirror, Sonner	Scroll-choreographed	Light + dark (follows OS), orange accent · mono accents	Inter, JetBrains Mono	caddy	
scrapingbee.com	Developer tools & APIs	ScrapingBee – The Best Web Scraping API			Tailwind	Lottie	Swiper, Material Symbols	JS motion	Light, vivid, yellow accent · span grid	circular std, menlo	Cloudflare	
snyk.io	Developer tools & APIs	Snyk AI Security Platform   Secure Code, Agents & Apps   Sn…	Next.js		Tailwind	Motion (Framer Motion), CSS scroll-driven		Scroll-choreographed	Dark, orange accent · mono accents · video	Geist Mono, Geist	Vercel	
sonarsource.com	Developer tools & APIs	AI Code Review & Verification Tools   Code Security   Sonar	Remix/React Router		Tailwind, Emotion			Static/CSS	Light + dark (follows OS), muted, blue accent · mono accents · span grid · marquee	Space Mono, Inter	Netlify	4.3.3
sourcegraph.com	Developer tools & APIs	Code Understanding, Oversight and Evolution   Sourcegraph	SvelteKit, Svelte					Static/CSS	Dark, muted · mono accents · marquee · video · canvas	Poly Sans, Poly Sans Wide	Cloudflare	
speakeasy.com	Developer tools & APIs	Govern and secure enterprise AI — Speakeasy	Astro		shadcn/ui (likely), Radix, Tailwind, Registry motion classes	CSS scroll-driven	lucide icons	Scroll-choreographed	Light + dark (follows OS), muted · marquee	ABCDiatype, Tobias	Vercel	4.3.3
stackblitz.com	Developer tools & APIs	StackBlitz   Instant Dev Environments   Click. Code. Done.	Astro			View Transitions API		JS motion	Dark · mono accents	Inter Tight,sans-serif, Manrope	AWS CloudFront	
stainless.com	Developer tools & APIs	Stainless - Best-in-class developer interfaces for your API		Framer (site builder)				Static/CSS	Light + dark (follows OS), muted · serif display · mono accents	Inter, Geist	Cloudflare	
steel.dev	Developer tools & APIs	Steel   Browser Infrastructure for AI Agents		Framer (site builder)		Motion (Framer Motion)		JS motion	Dark, teal accent · mono accents	Inter, Geist Mono	Vercel	
stoplight.io	Developer tools & APIs	OpenAPI Design & Documentation Management Tool   Stoplight		Webflow			Font Awesome	Static/CSS	Dark, blue accent · mono accents	Inter, FA	Cloudflare	
svix.com	Developer tools & APIs	Webhooks as a Service – Secure and Enterprise Ready · Svix	Next.js		Headless UI, Tailwind	GSAP, GSAP ScrollTrigger	Font Awesome	Scroll-choreographed	Light, vivid, blue accent	neueHaas, grotesk	Vercel	
tabnine.com	Developer tools & APIs	Agentic Quality Engineering Platform - Tricentis	Next.js	WordPress	Emotion		Swiper	Static/CSS	Dark, vivid, blue accent	Open Sans	Netlify	
temporal.io	Developer tools & APIs	Durable Execution Solutions   Temporal	SvelteKit, Svelte	Contentful	Tailwind			Static/CSS	Dark, vivid, blue accent · mono accents · span grid · marquee · video	Noto Sans Mono, Aeonik	Vercel	4.3.3
tower.dev	Developer tools & APIs	Tower	Next.js		Tailwind			Static/CSS	Dark, teal accent · mono accents · marquee · video · canvas	Inter, Geist	AWS CloudFront	
trigger.dev	Developer tools & APIs	Trigger.dev   The open source platform for durable AI agents	Remix/React Router		Radix, HeroUI/NextUI, Tailwind, Registry motion classes	Motion (Framer Motion)		JS motion	Dark, muted, green accent · mono accents · span grid · marquee · video · canvas	Satoshi-Variable, Geist	Vercel	4.3.3
tuple.app	Developer tools & APIs	Tuple: the best remote pair programming app on macOS and Wi…	Astro		Tailwind	Lottie	Splide	JS motion	Light, muted, blue accent · mono accents · span grid · video	Inter, DM Mono	Netlify	
tyk.io	Developer tools & APIs	API Management Platform & API Gateway   Tyk.io		WordPress		GSAP, GSAP ScrollTrigger	Swiper, Font Awesome	Scroll-choreographed	Dark, vivid, violet accent	Inter, Archivo	Cloudflare	
unkey.com	Developer tools & APIs	Unkey   The Developer Platform for Modern APIs	Next.js		Tailwind	Rive	Vaul, lucide icons	JS motion	Dark, muted · mono accents · span grid · video	Inter, JetBrains Mono	Vercel	
usebruno.com	Developer tools & APIs	Bruno - The Git-Native API Client	Next.js		Tailwind	Barba/Swup		JS motion	Light, muted, orange accent · marquee	Geist	nginx/1.18.0 (ubuntu)	3.4.19
v0.app	Developer tools & APIs	v0 by Vercel - Build Full-Stack Web Apps with AI	Next.js		shadcn/ui (likely), Radix, Tailwind, Registry motion classes	Motion (Framer Motion)	Recharts, Tiptap/ProseMirror, cmdk, Vaul, lucide icons	JS motion	Light + dark (follows OS), muted · serif display · mono accents · marquee · video	Lora, KaTeX_Main	Vercel	
warp.dev	Developer tools & APIs	Warp — The Open Platform for Automating Development	Next.js		shadcn/ui (likely), Tailwind, styled-components	Motion (Framer Motion)		JS motion	Light, muted · serif display · mono accents · marquee · canvas	Inter, Azeret Mono	Vercel	
windmill.dev	Developer tools & APIs	Windmill   Code-first orchestration platform for internal s…			Tailwind		lucide icons	Static/CSS	Light + dark (follows OS), muted, blue accent · video		Cloudflare	
windsurf.com	Developer tools & APIs	Devin Desktop   Devin	Next.js		Base UI, Tailwind	Motion (Framer Motion)	lucide icons	JS motion	Light, muted · span grid · marquee	nbInternationalPro, stkBureauSerif	Vercel	
zapier.com	Developer tools & APIs	Zapier: Automate AI Workflows, Agents, and Apps	Next.js	Contentful	React Aria, Emotion			Static/CSS	Light, orange accent · mono accents · video	Inter, JetBrains Mono	Vercel	
zed.dev	Developer tools & APIs	Zed — Your last next editor	Next.js		Base UI, Tailwind	Motion (Framer Motion)	Recharts, cmdk, lucide icons	JS motion	Light + dark (follows OS), muted · span grid · marquee · canvas	writer, plexSerif	Cloudflare	
zuplo.com	Developer tools & APIs	The Unified Gateway for APIs, AI, and MCP - Zuplo	Astro		shadcn/ui (likely), Radix, Tailwind, Registry motion classes			JS motion	Light, muted · mono accents · span grid · marquee · canvas	Inter, Readex Pro	Vercel	
ably.com	Databases, data & internal tools	Ably is the realtime platform built for scale and reliabili…	Gatsby		Radix, Tailwind, styled-components		Embla Carousel	Static/CSS	Dark, red accent · mono accents · span grid · marquee · canvas	Museo Sans, NEXT	Cloudflare	
airbyte.com	Databases, data & internal tools	Data Movement for Analytics and AI Agents		Webflow, WordPress, HubSpot CMS, Sanity	Tailwind	Lenis, Motion (Framer Motion)		Scroll-choreographed	Light + dark (follows OS), muted · mono accents · marquee · canvas	Booton Hero, Fragment Mono Chrome	Netlify	4.3.2
airtable.com	Databases, data & internal tools	Airtable: Build Enterprise-ready AI Workflows, Apps & Agent…	Next.js	Sanity, Contentful	Tailwind, Emotion	GSAP, GSAP ScrollTrigger, Motion (Framer Motion), react-spring		Scroll-choreographed	Light, vivid, blue accent · marquee · video	Haas, Haas Groot Disp	Vercel	
appsmith.com	Databases, data & internal tools	Appsmith   Open-Source Low-Code Application Platform	Next.js	Contentful	Radix, Headless UI, Tailwind	GSAP, GSAP ScrollTrigger, Lottie	Swiper	Scroll-choreographed	Light, violet accent · span grid · video	swiper-icons	Vercel	3.4.13
appwrite.io	Databases, data & internal tools	Appwrite Console	React		shadcn/ui (likely), Radix, Tailwind	Motion (Framer Motion)	Recharts, cmdk, Sonner, Vaul	JS motion	Light + dark (follows OS), muted	Noto Sans Hebrew, Aeonik Pro	Cloudflare	4.1.13
astronomer.io	Databases, data & internal tools	Astronomer: The Best Place to Run Apache Airflow®	Astro			View Transitions API		JS motion	Dark, orange accent · mono accents	Roboto, Roboto Mono	Netlify	
basedash.com	Databases, data & internal tools	Basedash   The AI-native Business Intelligence Platform	Astro		Tailwind			Static/CSS	Light + dark (follows OS), muted, blue accent · span grid · marquee · video · canvas	Alpha Lyrae	Cloudflare	4.3.1
baserow.io	Databases, data & internal tools	No-code open source database & application builder   Baserow	Nuxt				Chart.js, Tiptap/ProseMirror	Static/CSS	Light, muted, blue accent · marquee	Inter		
budibase.com	Databases, data & internal tools	Budibase   Agents, Workflows & Internal Tools Made Easy	Astro		Tailwind	View Transitions API		JS motion	Mid-tone, muted · serif display · mono accents	Inter-960edf7b3ac5a933, Inter-960edf7b3ac5a933 fallback: Arial	Netlify	
clickhouse.com	Databases, data & internal tools	Fast Open-Source OLAP DBMS   ClickHouse	Next.js		Radix, Tailwind	Motion (Framer Motion)	Swiper, lucide icons	JS motion	Dark, yellow accent · span grid	Inter, Inconsolata	Vercel	
cockroachlabs.com	Databases, data & internal tools	Cockroach Labs   Continuum built on CockroachDB the agentic…	Next.js	Contentful	shadcn/ui (likely), Tailwind	Motion (Framer Motion)		JS motion	Dark, violet accent · mono accents · marquee · canvas	Geist, GeistSans	Netlify	3.4.19
convex.dev	Databases, data & internal tools	Convex   All gas, no breakages	Next.js		Headless UI, Tailwind			Static/CSS	Mid-tone, orange accent · mono accents · span grid	IBM Plex Mono, gtAmerica	Vercel	
count.co	Databases, data & internal tools	Count — Make intelligence multiplayer	Next.js	Sanity	Tailwind			Static/CSS	Light, muted, blue accent		Cloudflare	
dagster.io	Databases, data & internal tools	Modern Data Orchestrator Platform   Dagster		Webflow		GSAP, Lottie	Swiper	JS motion	Light, muted · marquee	webflow-icons	Cloudflare	
deepnote.com	Databases, data & internal tools	Deepnote: Collaborative analytics & data science notebook	Next.js		Chakra UI, Emotion	Motion (Framer Motion)		JS motion	Light, muted, blue accent · mono accents	Inter, Roboto Mono	AWS CloudFront	
duckdb.org	Databases, data & internal tools	An analytical SQL database management system – DuckDB					Swiper	Static/CSS	Light + dark (follows OS), muted, yellow accent · marquee · canvas	SuisseIntl, JetBrainsMono-Regular	Cloudflare	
electric-sql.com	Databases, data & internal tools							Static/CSS	Dark, muted, teal accent		Netlify	
estuary.dev	Databases, data & internal tools	Estuary   Right-Time Data Platform for CDC, Streaming and B…	Gatsby		MUI, Emotion		Embla Carousel	Static/CSS	Mid-tone, vivid, blue accent · marquee	Inter	Fastly	
evidence.dev	Databases, data & internal tools	Evidence - Business Intelligence as Code	SvelteKit, Svelte		Tailwind		lucide icons	Static/CSS	Light, muted	Inter, Inter var	Vercel	
firebase.google.com	Databases, data & internal tools	Firebase   Google's Mobile and Web App Development Platform					Material Symbols	Static/CSS	Dark, muted, orange accent · mono accents · marquee · video	Google Sans, Roboto	google frontend	
fivetran.com	Databases, data & internal tools	Fivetran   Automated data movement platform		Webflow		Lottie	Swiper	JS motion	Light, blue accent · video	Inter, Jetbrainsmono	Cloudflare	
forestadmin.com	Databases, data & internal tools	Forest: The Ops infra regulated companies grow on		Framer (site builder)		Motion (Framer Motion)		JS motion	Mid-tone, vivid, green accent · mono accents	Inter, Matter	Framer	
geldata.com	Databases, data & internal tools	Gel   Postgres Unchained	Next.js			three.js, React Three Fiber, Lenis, react-spring		3D/WebGL	Dark, muted · mono accents	Roboto Mono, Open Sans	Vercel	
getdbt.com	Databases, data & internal tools	Deliver trusted data with dbt   dbt Labs	Next.js	Sanity	Radix, Headless UI, Tailwind	Lottie, Barba/Swup	Splide	JS motion	Light, muted, orange accent · span grid · marquee	bugrino, inter-variable-fallback	Vercel	4.3.0
getgrist.com	Databases, data & internal tools	Spreadsheet Software to End Data Chaos   Grist		WordPress	Emotion		Swiper	Static/CSS	Light, teal accent · video	Rubik, Material Icons	wpx cloud/ta01	
hasura.io	Databases, data & internal tools	Hasura: Creator of PromptQL, Data Delivery Network & GraphQ…	Next.js		shadcn/ui (likely), Tailwind, Registry motion classes	GSAP, GSAP ScrollTrigger, Motion (Framer Motion)		Scroll-choreographed	Light · mono accents	Funnel Display, slick	Cloudflare	3.3.1
hex.tech	Databases, data & internal tools	Make everyone a data person	Next.js	Sanity	styled-components	three.js, Motion (Framer Motion)		3D/WebGL	Light, muted · mono accents · marquee	IBM Plex Sans, IBM Plex Mono	Netlify	
instantdb.com	Databases, data & internal tools	Instant	Next.js		Radix, Headless UI, HeroUI/NextUI, Tailwind	Motion (Framer Motion), CSS scroll-driven	Lexical, Sonner	Scroll-choreographed	Light, orange accent · mono accents · span grid · video · canvas	Switzer, Berkeley Mono	Vercel	4.1.17
lancedb.com	Databases, data & internal tools	LanceDB   Multimodal Lakehouse for AI		Webflow, HubSpot CMS		Lottie	Swiper	JS motion	Dark, red accent · marquee	Aeonik Fono, Aeonik Pro	Cloudflare	
lightdash.com	Databases, data & internal tools	Lightdash   Build Intelligence, not just dashboards.		Framer (site builder)		Rive		JS motion	Dark, violet accent · mono accents · canvas	Inter, Geist	Framer	
liveblocks.io	Databases, data & internal tools	Liveblocks   Realtime and sync for the agentic web	Next.js		Radix, Tailwind	Motion (Framer Motion)	AG Grid, Tiptap/ProseMirror, Lexical, cmdk	JS motion	Dark, muted · mono accents · span grid · canvas	JetBrains Mono, suisse	Vercel	
materialize.com	Databases, data & internal tools	The Live Context Layer for Agents and Apps   Materialize	SvelteKit, Svelte	Sanity	Tailwind	Lottie	Splide	JS motion	Dark, violet accent · mono accents · marquee	Inter, FAIRE Sprig Sans	AWS CloudFront	4.1.11
metabase.com	Databases, data & internal tools	Open source AI analytics you can verify   Metabase	Astro		Bootstrap, Tailwind			Static/CSS	Light, muted, blue accent · serif display · mono accents · marquee	Merriweather, Fira Code	AWS CloudFront	
mode.com	Databases, data & internal tools	Modern Business Intelligence   Better data, better decisions	Gatsby	Sanity	styled-components			Static/CSS	Mid-tone, vivid, green accent	Graphik, Grenette	Netlify	
mongodb.com	Databases, data & internal tools	MongoDB: The World’s Leading Modern Data Platform   MongoDB	Next.js		Radix, Tailwind, Emotion	Lottie	Lexical	JS motion	Dark, vivid, teal accent · span grid · marquee	Noto Sans SC, Noto Sans KR	AWS CloudFront	
motherduck.com	Databases, data & internal tools	MotherDuck   The Cloud Data Warehouse Built on DuckDB	Next.js		Tailwind, styled-components		Swiper	Static/CSS	Light · mono accents · canvas	Inter, Aeonik Mono	Vercel	3.4.17
neon.com	Databases, data & internal tools	Neon — Postgres backends for apps and agents	Next.js		Radix, Tailwind	Motion (Framer Motion), Rive		JS motion	Dark, muted, teal accent · span grid · video	Inter, IBM Plex Sans	Vercel	
nhost.io	Databases, data & internal tools	Postgres Backend to Build, Deploy & Scale   Nhost	Next.js		Tailwind			Static/CSS	Dark, muted, blue accent · span grid	Inter	Vercel	3.4.19
nocodb.com	Databases, data & internal tools	NocoDB Cloud		Webflow				Static/CSS	Light, muted, blue accent · marquee	Manrope Variablefont Wght, webflow-icons		
orm.drizzle.team	Databases, data & internal tools	Drizzle ORM - next gen TypeScript ORM.	Astro		Tailwind	View Transitions API		JS motion	Light + dark (follows OS), muted · canvas	Menlo, FirstTimeWriting	Cloudflare	
partykit.io	Databases, data & internal tools	PartyKit - Turn everything into a realtime multiplayer app	Astro		Tailwind			Static/CSS	Light	PKSans	Vercel	
pinecone.io	Databases, data & internal tools	The trusted AI knowledge company   Pinecone	Next.js	Sanity	Headless UI, Tailwind, Registry motion classes	Motion (Framer Motion), View Transitions API	lucide icons	JS motion	Light, blue accent · mono accents · marquee · canvas	JetBrains Mono, KaTeX_Main	Vercel	
planetscale.com	Databases, data & internal tools	PlanetScale - the world’s fastest and most scalable cloud h…	Remix/React Router		Headless UI, Tailwind			Static/CSS	Light + dark (follows OS), yellow accent		Cloudflare	
pocketbase.io	Databases, data & internal tools	PocketBase - Open Source backend in 1 file	SvelteKit, Svelte					Static/CSS	Light · mono accents	Source Sans Pro, Ubuntu Mono		
prefect.io	Databases, data & internal tools	Prefect - Workflow Orchestration for Data, ML, and Agents	Next.js		shadcn/ui (likely), Radix, Tailwind, Registry motion classes	Lenis, Motion (Framer Motion)	Vaul, Swiper, lucide icons	Scroll-choreographed	Dark, muted · mono accents · marquee · video · canvas	Geist Mono, Geist	Vercel	
preset.io	Databases, data & internal tools	AI-Native BI Built on Apache Superset™   Preset	Gatsby		Ant Design, Tailwind	Barba/Swup	Recharts	JS motion	Dark, teal accent · span grid · canvas	Barlow	Netlify	3.4.19
prisma.io	Databases, data & internal tools	Prisma   Agent Infrastructure for TypeScript	Next.js		shadcn/ui (likely), Radix, Base UI, Tailwind	Motion (Framer Motion)	Recharts, cmdk, lucide icons, Font Awesome	JS motion	Light, muted, teal accent · marquee · video	Inter, Sora	Vercel	
pusher.com	Databases, data & internal tools	Pusher   Leader In Realtime Technologies	Gatsby	Prismic	Tailwind, styled-components			Static/CSS	Light, muted · mono accents	Maison Neue, Maison Neue Mono	AWS CloudFront	
qdrant.tech	Databases, data & internal tools	Qdrant - Vector Search Engine			Bootstrap		Splide	Static/CSS	Dark, vivid, blue accent		Netlify	
redis.io	Databases, data & internal tools	Redis - Real-time data for agents & apps	Next.js	WordPress, Sanity		Motion (Framer Motion), Rive	Recharts, Mapbox/MapLibre/Leaflet, Embla Carousel	JS motion	Dark · mono accents · marquee	Space Grotesk, Space Mono	Vercel	
retool.com	Databases, data & internal tools	Build internal software better, with AI.   Retool	Next.js	Sanity	Tailwind	Motion (Framer Motion), CSS scroll-driven		Scroll-choreographed	Dark · span grid · marquee · video	pxGroteskFont, saansFont	Vercel	
risingwave.com	Databases, data & internal tools	RisingWave   Streaming Infrastructure for Agentic AI	Next.js		Radix, Tailwind	Motion (Framer Motion)	Vaul	JS motion	Dark, vivid, blue accent · mono accents	Roboto, Inter	AWS CloudFront	
seatable.io	Databases, data & internal tools	KI-unterstützte No-Code-Plattform für flexible Automatisier…	Alpine.js		Tailwind, Registry motion classes			JS motion	Light, orange accent · marquee	Poppins, Roboto	caddy	3.4.17
sigmacomputing.com	Databases, data & internal tools	The AI runtime for business   Sigma	Next.js	Sanity	shadcn/ui (likely), Radix, Tailwind		lucide icons	Static/CSS	Light, blue accent · mono accents · span grid · marquee	DM Mono, DM Sans	Netlify	
singlestore.com	Databases, data & internal tools	SingleStore   The Real-Time AI Database for Enterprise. Ans…	Gatsby	Sanity	Radix		Font Awesome	Static/CSS	Dark, muted, violet accent · mono accents · marquee	Roboto, Roboto Mono	AWS CloudFront	
supabase.com	Databases, data & internal tools	Supabase   The Postgres Development Platform	Next.js		shadcn/ui (likely), Radix, Tailwind, Registry motion classes	Motion (Framer Motion)	Recharts, cmdk, Sonner, Vaul, Swiper, lucide icons	JS motion	Light + dark (follows OS), muted · mono accents · span grid · marquee	Inter, Source Code Pro	Vercel	4.2.4
surrealdb.com	Databases, data & internal tools	The context and memory layer for AI agents   SurrealDB	React		Mantine	GSAP, GSAP ScrollTrigger		Scroll-choreographed	Dark, vivid, violet accent		Vercel	
teable.io	Databases, data & internal tools	Teable - The AI Spreadsheet for Business.	Next.js		Radix, Tailwind	Motion (Framer Motion)	Tiptap/ProseMirror, Embla Carousel, lucide icons	JS motion	Light, muted · mono accents · marquee · video	Inter, Roboto	Vercel	
tigerdata.com	Databases, data & internal tools	Time-Series PostgreSQL at Petabyte Scale	Next.js		Tailwind			Static/CSS	Light, muted · marquee · video · canvas	GeistSans, GeistMono	Vercel	3.3.3
tinybird.co	Databases, data & internal tools	Tinybird · Ship faster with a Managed ClickHouse®	Next.js		Tailwind	GSAP, GSAP ScrollTrigger, Motion (Framer Motion), react-spring	Swiper	Scroll-choreographed	Dark, muted, green accent · mono accents · span grid · video	Roboto Mono, Fira Mono	Vercel	
tooljet.com	Databases, data & internal tools	ToolJet   Build and Govern Enterprise Apps with AI	Next.js				Swiper	Static/CSS	Dark, blue accent · marquee · canvas	Inter, Ibmplexsans	Netlify	
trychroma.com	Databases, data & internal tools	Chroma - open-source search infrastructure for AI	Next.js		shadcn/ui (likely), Radix, Base UI, Tailwind		Recharts, Lexical, cmdk, Sonner, lucide icons	Static/CSS	Light, muted · mono accents · span grid · canvas	IBM Plex Mono, Inter	Vercel	
turbopuffer.com	Databases, data & internal tools	turbopuffer - fast search engine built on object storage	Next.js		shadcn/ui (likely), Radix, Tailwind		Recharts, cmdk, lucide icons	Static/CSS	Mid-tone, orange accent · mono accents · span grid	JetBrains Mono, Space Grotesk	Vercel	3.4.17
turso.tech	Databases, data & internal tools	Turso - Millions of Databases. One Architecture.	Next.js		Headless UI, Tailwind		lucide icons	Static/CSS	Dark, teal accent	Inter, GeistMono	Vercel	
upstash.com	Databases, data & internal tools	Upstash: Serverless Data Platform - Redis, Vector, Search	Next.js		Radix, Tailwind			Static/CSS	Light + dark (follows OS), green accent · mono accents · span grid	Inter, Inter Tight	Vercel	
weaviate.io	Databases, data & internal tools	The AI database developers love   Weaviate	React		Tailwind		Font Awesome	Static/CSS	Mid-tone, vivid, blue accent · marquee	Font Awesome 6 Pro, Font Awesome 6 Brands	Netlify	
xano.com	Databases, data & internal tools	The Scalable No-Code Backend: Xano	Angular	WordPress	Bootstrap	GSAP ScrollTrigger	Font Awesome	Scroll-choreographed	Dark, vivid, blue accent · mono accents	Inter, JetBrains Mono		
xata.io	Databases, data & internal tools	Xata – the branch native Postgres platform	Next.js		shadcn/ui (likely), Radix, Tailwind, Registry motion classes	Motion (Framer Motion)	Recharts, cmdk, Vaul, lucide icons	JS motion	Dark, muted · span grid · marquee · canvas	GeistSans, seasonMix	Vercel	
zilliz.com	Databases, data & internal tools	Zilliz Vector Lakebase for Enterprise AI, Powered by Milvus	Next.js				Swiper	Static/CSS	Dark, muted, teal accent · mono accents · canvas	Geist, Geist Mono	nginx	
axiom.co	Observability & incident response	Axiom - The modern machine data platform	Next.js	Storyblok	shadcn/ui (likely), Base UI, Tailwind, Registry motion classes	Motion (Framer Motion), CSS scroll-driven	lucide icons	Scroll-choreographed	Dark, muted · span grid · marquee · canvas	Geist, berkeleyMono	Vercel	
betterstack.com	Observability & incident response	Better Stack - 30x cheaper than Datadog, Exceptional support	Hotwire/Turbo, Vue		PrimeReact/PrimeVue, Tailwind		ECharts, Heroicons	Static/CSS	Dark	Helvetica Now Text, Helvetica Now Display	Cloudflare	4.2.4
bugsnag.com	Observability & incident response	BugSnag - Monitor App Performance & Track Errors	Astro		Headless UI, Tailwind			Static/CSS	Light, blue accent	DM Sans	Cloudflare	
checklyhq.com	Observability & incident response	Checkly — The active reliability layer for developers & age…	Next.js	Prismic	Tailwind		lucide icons	Static/CSS	Dark, vivid · mono accents · span grid · marquee	Inter, JetBrains Mono	Vercel	3.4.17
chronosphere.io	Observability & incident response	Chronosphere   Observability Purpose Built for Kubernetes		WordPress	Bootstrap	GSAP ScrollTrigger, Lottie		Scroll-choreographed	Light, orange accent · marquee · video	Poppins, DM Sans	Cloudflare	
cribl.io	Observability & incident response	The AI Platform for Telemetry   Cribl	Next.js	Contentful	Radix, Headless UI, Ark UI / Zag, Tailwind	Motion (Framer Motion), Lottie	Swiper	JS motion	Light, vivid, teal accent · mono accents	Ubuntu Mono, Open Sans	Vercel	
cronitor.io	Observability & incident response	Simple monitoring for any application   Cron Monitoring   W…			Tailwind			Static/CSS	Light, muted · mono accents · marquee	JetBrains Mono	nginx	4.3.3
dash0.com	Observability & incident response	OpenTelemetry Native Observability · Dash0	Next.js	Sanity	Radix, Tailwind		cmdk, Sonner	Static/CSS	Dark, muted, red accent · span grid	roobertSecondary, martianMono	Vercel	4.3.3
datadoghq.com	Observability & incident response	Cloud Monitoring as a Service   Datadog	Alpine.js		Tailwind			Static/CSS	Light, blue accent · span grid · video		AWS CloudFront	
firehydrant.com	Observability & incident response	All-in-One Alerting, On-Call, and Incident Management   Fir…	Astro, Alpine.js	Sanity	Tailwind, Registry motion classes		Font Awesome	JS motion	Dark, vivid, blue accent · mono accents · span grid	Polar-d28cf51a8ebd7ded, Polar Mono-35510682569f7353	Netlify	4.3.3
flareapp.io	Observability & incident response	Error tracking & performance monitoring for Laravel   Flare	Alpine.js		Tailwind		Font Awesome	Static/CSS	Light, violet accent · span grid · marquee · video	Inter, satoshi	Cloudflare	
grafana.com	Observability & incident response	Full-stack observability for the agentic era   Grafana Labs…	Next.js	Storyblok	shadcn/ui (likely), Radix, Tailwind, Registry motion classes	Motion (Framer Motion)	lucide icons, Font Awesome	JS motion	Light, blue accent · span grid · marquee	Inter, Poppins	Vercel	4.3.1
healthchecks.io	Observability & incident response	Healthchecks.io: Cron Job Monitoring						Static/CSS	Light, muted	icomoon	nginx	
highlight.io	Observability & incident response	Runtime Control for AI-Era Software   Feature Flags & AI Ag…	Next.js	Prismic		Motion (Framer Motion), View Transitions API	Splide	JS motion	Dark, muted, blue accent	headingFont1, headingFont3	Netlify	
honeycomb.io	Observability & incident response	Honeycomb: AI-Ready Observability Platform	Next.js	Sanity	Radix, Tailwind, styled-components	Motion (Framer Motion), Lottie	Swiper	JS motion	Light, vivid, blue accent · canvas	Roboto, Poppins	Vercel	
hyperdx.io	Observability & incident response	HyperDX - Affordable full-stack production debugging & moni…	Next.js		Mantine, Bootstrap, Emotion		Recharts	Static/CSS	Dark, muted · mono accents · video	IBM Plex Mono, Roboto	Vercel	
hyperping.com	Observability & incident response	Uptime Monitoring, Status Pages & On-Call   Hyperping	React		shadcn/ui (likely), Radix, Tailwind	CSS scroll-driven		Scroll-choreographed	Dark, muted · span grid · marquee · canvas	Manrope, Inter	Vercel	
incident.io	Observability & incident response	AI software reliability platform   incident.io	Next.js	Sanity	Radix, Headless UI, Tailwind	View Transitions API	Swiper	JS motion	Light, muted, red accent · mono accents · canvas	UntitledSans, Pixelify Sans	Vercel	
inspector.dev	Observability & incident response	Give your coding agent eyes on production		WordPress		Lottie	Swiper, Font Awesome	JS motion	Mid-tone, blue accent · marquee	eicons	Cloudflare	
instatus.com	Observability & incident response	Instatus – Get ready for downtime	Next.js		shadcn/ui (likely), Radix, Tailwind, Registry motion classes	Motion (Framer Motion)	Tiptap/ProseMirror, cmdk, Sonner, Vaul	JS motion	Dark, teal accent · marquee · video · canvas	Inter, Noto Sans Arabic	Vercel	
logrocket.com	Observability & incident response	Session Replay   Product Analytics   Error Tracking   LogRo…	Next.js	WordPress	Tailwind	Motion (Framer Motion), Rive	Swiper	JS motion	Mid-tone, vivid, violet accent · canvas	Caveat, Inter	Cloudflare	3.4.17
newrelic.com	Observability & incident response	AI-powered Observability			Tailwind			Static/CSS	Mid-tone, green accent · mono accents · span grid	Geist Mono, Mona Sans	Fastly	
ohdear.app	Observability & incident response	Website Health Monitoring: Uptime, SSL & Cron   Oh Dear	Alpine.js		Tailwind			Static/CSS	Light, red accent · mono accents · span grid	Soehne, IBM Plex Mono	Cloudflare	4.3.1
openstatus.dev	Observability & incident response	Free & Open Source Status Page and Uptime Monitoring   open…	Next.js		shadcn/ui (likely), Radix, Tailwind		Recharts, cmdk, Sonner, Vaul	Static/CSS	Light, muted, green accent · span grid	Inter, commitMono	Vercel	
pagerduty.com	Observability & incident response	PagerDuty: The AI-First Operations Platform	Next.js	WordPress	Headless UI, Tailwind, Registry motion classes	Motion (Framer Motion)		JS motion	Mid-tone, green accent · span grid · marquee · video	plainFont	Cloudflare	
posthog.com	Observability & incident response	PostHog – We make your product self-driving	Gatsby		Radix, Headless UI, Tailwind, Registry motion classes	Motion (Framer Motion), Lottie	Mapbox/MapLibre/Leaflet, Tiptap/ProseMirror, Lexical, Swiper	JS motion	Light, violet accent · span grid · marquee	IBM Plex Sans, RoundHog	Vercel	3.4.17
raygun.com	Observability & incident response	Raygun - Application Monitoring For Web & Mobile Apps		Webflow			Swiper	Static/CSS	Dark, vivid, blue accent	Lato New, webflow-icons	AWS CloudFront	
rollbar.com	Observability & incident response	Rollbar   Error logging & tracking for software teams		Framer (site builder)				Static/CSS	Dark, blue accent · mono accents	Inter, Poppins	Cloudflare	
rootly.com	Observability & incident response	AI-native incident management platform   Rootly		Webflow		GSAP, GSAP ScrollTrigger	Splide	Scroll-choreographed	Mid-tone, vivid, blue accent · marquee	Ppmori, Ppeditorialold	Cloudflare	
sentry.io	Observability & incident response	Application Performance Monitoring & Error Tracking Softwar…	Astro		Tailwind	Rive		JS motion	Dark, vivid, violet accent · canvas	Rubik, Dammit Sans	Vercel	
signoz.io	Observability & incident response	SigNoz   The Open Source Datadog Alternative	Next.js		shadcn/ui (likely), Radix, Tailwind	Motion (Framer Motion)	lucide icons	JS motion	Dark, muted, blue accent · span grid · marquee · canvas	Inter	Vercel	
statuspal.io	Observability & incident response	StatusPal   Incident Management, Monitoring & Status Pages	Next.js		Tailwind		Swiper, Font Awesome	Static/CSS	Light, blue accent · marquee	Inter	Vercel	3.4.17
uptimerobot.com	Observability & incident response	UptimeRobot: Free Website Monitoring Service	Astro		Tailwind	View Transitions API	cmdk, Swiper	JS motion	Dark, green accent · marquee	Inter, Plus Jakarta Sans	Cloudflare	4.3.1
uptrace.dev	Observability & incident response	OpenTelemetry-Native Observability Platform   Uptrace	Nuxt, Alpine.js		Tailwind		Chart.js, Swiper, Font Awesome	Static/CSS	Light, muted · mono accents · span grid	JetBrains Mono, devicon	AWS CloudFront	
1password.com	Auth & security	Password Manager, Secrets, and Access Management   1Password	Next.js	Contentful	Radix, Tailwind	Rive		JS motion	Dark, blue accent · mono accents · canvas	agileSans, agileMono	Vercel	3.4.1
aikido.dev	Auth & security	Aikido Security   Secure everything your devs build, ship &…		Webflow		GSAP, GSAP ScrollTrigger	Swiper	Scroll-choreographed	Light, muted, blue accent · mono accents · marquee	Newgrotesk, Geist Mono	Cloudflare	
arcjet.com	Auth & security	Arcjet - AI agent runtime security	Next.js		MUI, Emotion	three.js, React Three Fiber, Motion (Framer Motion), react-spring		3D/WebGL	Light + dark (follows OS), muted · mono accents · marquee	IBM Plex Mono, Figtree	Vercel	
auth0.com	Auth & security	Secure AI Agent & User Authentication   Auth0	Next.js	Contentful	React Aria, styled-components			Static/CSS	Dark, vivid, violet accent · video	fakt-web, Inter	Vercel	
authkit.com	Auth & security	AuthKit by WorkOS	Next.js			Motion (Framer Motion)		JS motion	Dark · mono accents · video · canvas	IBM Plex Mono, Untitled Sans	Cloudflare	
basistheory.com	Auth & security	Basis Theory: Built to Keep Customers Transacting		Framer (site builder)		Motion (Framer Motion)		JS motion	Light, muted · mono accents · video	Inter, Kode Mono	Framer	
better-auth.com	Auth & security	Better Auth	Next.js		shadcn/ui (likely), Radix, Tailwind, Registry motion classes	Motion (Framer Motion)	cmdk, Sonner, Vaul, lucide icons	JS motion	Light + dark (follows OS), muted · mono accents · marquee · video · canvas	Geist Mono, Geist	Vercel	
bitwarden.com	Auth & security	Best Password Manager for Business, Enterprise & Personal  …	Inertia, React	Contentful	Headless UI, Tailwind	Motion (Framer Motion)		JS motion	Light + dark (follows OS), vivid, blue accent · span grid · marquee	bwi-font, Inter		4.1.4
chainguard.dev	Auth & security	The trusted source for open source   Chainguard	Next.js	Contentful	shadcn/ui (likely), Radix, Tailwind	Motion (Framer Motion)	Embla Carousel	JS motion	Light + dark (follows OS), muted, violet accent	Source Code Pro, gellixRegular	Vercel	3.4.17
clerk.com	Auth & security	Clerk   Authentication and User Management	Next.js		Radix, React Aria, Tailwind	Motion (Framer Motion)		JS motion	Light, muted · span grid	suisse, Inter	Vercel	
crowdstrike.com	Auth & security	CrowdStrike: We Stop Breaches with AI-native Cybersecurity				GSAP, GSAP ScrollTrigger, Lottie	Splide	Scroll-choreographed	Mid-tone, vivid, red accent	neueHaasGroteskDisplayPro, crowdstrikeSharpSans	Fastly	
descope.com	Auth & security	Descope   Customer and Agentic Identity Platform	Next.js	Contentful	Radix		Embla Carousel	Static/CSS	Dark, vivid, blue accent	Inter, Source Code Pro	Vercel	
doppler.com	Auth & security	Doppler   Secrets management for humans and AI agents	Next.js	Sanity	Headless UI, Tailwind	Motion (Framer Motion)		JS motion	Dark, green accent · span grid	DopplerRepro, DopplerReproMono	Vercel	3.4.17
frontegg.com	Auth & security	Frontegg   The Identity Layer for Every SaaS Entry Point		WordPress				Static/CSS	Dark, muted	PP Neue Montreal, PP Neue Machina	AWS CloudFront	
fusionauth.io	Auth & security	Authentication & User Management Software - FusionAuth		Webflow			Swiper	Static/CSS	Dark, vivid, violet accent · marquee	Inter, webflow-icons	AWS CloudFront	
gitguardian.com	Auth & security	GitGuardian: Credential Layer Security Platform		Webflow		Lottie	Swiper	JS motion	Dark · marquee	Haskoy, Drive	Cloudflare	
goteleport.com	Auth & security	Teleport: Unified Identity Securing Classic & AI Infrastruc…	Next.js		MUI, styled-components, Emotion	Lottie		JS motion	Light, muted · mono accents · marquee · video	Lato, Roboto	AWS CloudFront	
hanko.io	Auth & security	Hanko   Modern Authentication. On Your Terms.		Webflow				Static/CSS	Dark, muted	Geist Variablefont Wght, webflow-icons	Cloudflare	
infisical.com	Auth & security	Infisical   The modern security platform for developers and…	Next.js	Contentful	Tailwind, Registry motion classes	Lottie	Font Awesome	JS motion	Light, muted, yellow accent · mono accents · marquee	JetBrains Mono, alliance	Vercel	3.3.3
keycloak.org	Auth & security	Keycloak			Bootstrap		Font Awesome	Static/CSS	Light, vivid, red accent	FontAwesome, Font Awesome 7 Free	GitHub Pages	
kinde.com	Auth & security	Kinde Auth, billing and access management for modern SaaS p…	Astro		Tailwind			Static/CSS	Light, muted · marquee · video	Inter	AWS CloudFront	
netbird.io	Auth & security	NetBird - Open Source Zero Trust Networking	Next.js		Radix, Tailwind	Motion (Framer Motion)	Swiper, lucide icons	JS motion	Dark, orange accent	Inter, swiper-icons	Vercel	
oneleet.com	Auth & security	Oneleet   Security-First Compliance (SOC 2, ISO 27001 & Mor…		Framer (site builder)		Motion (Framer Motion)		JS motion	Light, muted, red accent · mono accents · video · canvas	Inter, Geist Mono	Framer	
ory.sh	Auth & security	Identity & Access Management (IAM) Solutions   Ory	Next.js	Sanity	Radix, Tailwind	Motion (Framer Motion)		JS motion	Light · marquee	Inter	Vercel	3.4.17
secureframe.com	Auth & security	Secureframe: Build trust. Unlock growth.	Next.js	Prismic	Radix, Tailwind	View Transitions API, CSS scroll-driven		Scroll-choreographed	Light, green accent · span grid · marquee	Assistant, halyardDisplay	Vercel	
semgrep.dev	Auth & security	Semgrep App Security Platform   AI-assisted SAST, SCA and S…			Bootstrap	CSS scroll-driven	Swiper	Scroll-choreographed	Light, muted, teal accent · serif display · mono accents	Inter, JetBrains Mono	Netlify	
strongdm.com	Auth & security	StrongDM: Your Partner in Zero Trust Privileged Access		HubSpot CMS				Static/CSS	Dark, vivid, green accent	SDMontserrat, Manrope	Netlify	
stytch.com	Auth & security	Stytch - A better way to build auth	Next.js	Sanity	Radix, styled-components	Motion (Framer Motion)		JS motion	Light, muted · mono accents · marquee	BootonUncommon, Booton	AWS CloudFront	
supertokens.com	Auth & security	SuperTokens, Open Source User Authentication	Next.js		shadcn/ui (likely), Radix, Base UI, Tailwind		Recharts, Lexical, cmdk, Sonner, Swiper	Static/CSS	Dark, muted · mono accents · marquee	Inter, Fira Code	Vercel	
tailscale.com	Auth & security	Tailscale   Secure Connectivity for AI, IoT & Multi-Cloud	Next.js	Sanity	Tailwind	Motion (Framer Motion)		JS motion	Light, muted, red accent · span grid · marquee	inter, mdio	Vercel	
tines.com	Auth & security	Tines   The secure environment for AI agents, apps and auto…	Next.js	DatoCMS		CSS scroll-driven	D3, lucide icons	Scroll-choreographed	Light, violet accent · mono accents · marquee	Roobert Mono, Roobert	Vercel	
torq.io	Auth & security	Torq AI SOC Platform   AI Agents and Agentic SecOps		WordPress		GSAP, GSAP ScrollTrigger, Lottie	Swiper, Font Awesome	Scroll-choreographed	Dark, muted · marquee · video	Font Awesome 6 Pro, FontAwesome	Cloudflare	
trufflesecurity.com	Auth & security	Truffle Security Co.		Framer (site builder)				Static/CSS	Light, orange accent · mono accents	Inter, Inter Display	Cloudflare	
twingate.com	Auth & security	Twingate: It's time to ditch your VPN		Framer (site builder)				Static/CSS	Dark, muted, yellow accent	Inter, Inter Display	Framer	
vanta.com	Auth & security	SOC 2, HIPAA, ISO 27001, PCI, and GDPR Compliance		Webflow		GSAP, GSAP ScrollTrigger, Lottie	Swiper, Splide	Scroll-choreographed	Light, vivid, violet accent · mono accents	Reckless, SC Ripley	Cloudflare	
wiz.io	Auth & security	Wiz: AI Cybersecurity for All Your Cloud and AI Applications	Next.js	DatoCMS	Radix, Tailwind, Registry motion classes	Motion (Framer Motion), Lottie	cmdk, lucide icons	JS motion	Light, muted, blue accent · serif display · marquee	Google Sans Flex, Crimson Pro	Vercel	
workos.com	Auth & security	WorkOS — Your app, Enterprise Ready.		Webflow			Swiper	Static/CSS	Light, muted · marquee	Inter, Aeonik	Cloudflare	
zitadel.com	Auth & security	ZITADEL - Identity Infrastructure, Simplified	Next.js	Sanity	Headless UI, Tailwind, Registry motion classes		Font Awesome	JS motion	Light + dark (follows OS), muted, blue accent · span grid · marquee	Lato, Inter	Vercel	
aider.chat	AI products & LLM tooling	Aider - AI Pair Programming in Your Terminal						Static/CSS	Light, red accent · mono accents · video	GlassTTYVT220, Inter	GitHub Pages	
anthropic.com	AI products & LLM tooling	Home \ Anthropic		Webflow, Sanity		GSAP, GSAP ScrollTrigger, Lenis, Lottie	Swiper	Scroll-choreographed	Light, muted · serif display · mono accents · marquee · video	Anthropic Sans, Anthropic Serif	Cloudflare	
anythingllm.com	AI products & LLM tooling	AnythingLLM — On-device AI for productivity   Local & Priva…	Next.js		Tailwind, Registry motion classes			JS motion	Light · marquee · video	jakarta, clashDisplay	Cloudflare	4.3.2
arize.com	AI products & LLM tooling	Agent Observability, Evaluation & Improvement Platform   Ar…	Alpine.js	WordPress	Tailwind, Registry motion classes			JS motion	Light + dark (follows OS), violet accent · marquee	Stakkat, GT Alpina	Kinsta	3.4.17
assemblyai.com	AI products & LLM tooling	AssemblyAI   AI models to transcribe and understand speech	Astro		Tailwind, Registry motion classes		Material Symbols	JS motion	Mid-tone, muted, blue accent · mono accents · marquee · video	Oceanic Text, Modern Gothic Mono	Vercel	
bland.ai	AI products & LLM tooling	Bland   Enterprise Voice AI Platform for Phone Agents	Next.js	Sanity	Tailwind		lucide icons	Static/CSS	Light, muted, orange accent · span grid · marquee	soehneAux, soehne	Vercel	
braintrust.dev	AI products & LLM tooling	Braintrust - The active observability platform for agents	Next.js		shadcn/ui (likely), Radix, Tailwind, Registry motion classes		cmdk, lucide icons	JS motion	Light, muted · span grid · marquee · video	Inter, btSans	Vercel	
captions.ai	AI products & LLM tooling	Captions: AI That Edits Like a Professional Editor	Astro		Radix			Static/CSS	Light, teal accent · marquee · video	DenimINK-fc4757ccf169d42a, Exposure-09cb373df0d2138c	Cloudflare	
cartesia.ai	AI products & LLM tooling	Cartesia   AI that learns and interacts like humans	Astro, React		shadcn/ui (likely), Base UI, Tailwind, Emotion	CSS scroll-driven	Recharts, cmdk, lucide icons	Scroll-choreographed	Light, muted, green accent · mono accents · video · canvas	ABC Diatype-75f05108b2d5df75, IBM Plex Mono-39f46362fd5bf7f0	Vercel	4.2.2
cerebras.ai	AI products & LLM tooling	Cerebras	Next.js	Sanity	shadcn/ui (likely), Radix, Tailwind	Motion (Framer Motion)	cmdk, lucide icons	JS motion	Dark, orange accent · mono accents · span grid · video	Manrope, KaTeX_Main	Vercel	
cline.bot	AI products & LLM tooling	Cline - AI Coding, Open Source and Open Choice	Next.js		Tailwind			Static/CSS	Light, muted, violet accent · video	Inter, Northem	Vercel	3.4.18
cognition.ai	AI products & LLM tooling	Cognition	Next.js	Sanity	shadcn/ui (likely), Tailwind	Lottie		JS motion	Light, muted · span grid	nbInternational, stkBureauSerif	Vercel	
cohere.com	AI products & LLM tooling	Enterprise AI: Private, Secure, Customizable   Cohere	Next.js	Sanity	Headless UI, Tailwind, Registry motion classes	GSAP, GSAP ScrollTrigger		Scroll-choreographed	Light, muted · marquee	Unica77 Cohere, CohereText	Vercel	
continue.dev	AI products & LLM tooling	Continue (acquired by Cursor)	Next.js		shadcn/ui (likely), Radix, Tailwind, Registry motion classes		Recharts, cmdk, Sonner, lucide icons	JS motion	Light, muted, blue accent · mono accents	IBM Plex Sans, IBM Plex Mono	GitHub Pages	
copy.ai	AI products & LLM tooling	Future proof your business with GTM AI		Webflow		Lottie	Swiper, Splide	JS motion	Light, vivid, violet accent	Circularstd, ABC Normal	Cloudflare	
create.xyz	AI products & LLM tooling	Anything - AI app builder	Next.js		shadcn/ui (likely), Tailwind	three.js	Recharts, cmdk, lucide icons, Font Awesome, Material Symbols	3D/WebGL	Light, vivid, blue accent · serif display · mono accents	Instrument Serif, Inter	Vercel	3.4.19
crewai.com	AI products & LLM tooling	CrewAI	Next.js	Contentful	Tailwind, Registry motion classes			JS motion	Mid-tone, vivid, red accent · mono accents · marquee	Geist Mono, GT Standard	Vercel	
daily.co	AI products & LLM tooling	Realtime voice, video, and AI for developers - Daily	Next.js	DatoCMS	Radix, Mantine, Tailwind			Static/CSS	Light, yellow accent · mono accents · span grid	DM Mono, DM Sans	Vercel	
daytona.io	AI products & LLM tooling	Daytona - Secure Infrastructure for Running AI-Generated Co…		Framer (site builder)				Static/CSS	Dark, muted, blue accent · mono accents	Inter, Roboto	AWS CloudFront	
decagon.ai	AI products & LLM tooling	Decagon   The AI concierge for every customer		Webflow		three.js, GSAP, GSAP ScrollTrigger, Lottie	Swiper	3D/WebGL	Light, muted · marquee	Circularxx, DM Sans	Vercel	
deepgram.com	AI products & LLM tooling	Enterprise Voice AI: STT, TTS & Agent APIs   Deepgram	Next.js	Sanity	Radix, Ark UI / Zag, Tailwind, Registry motion classes	Motion (Framer Motion), Rive, Lottie		JS motion	Dark, vivid, blue accent · mono accents · marquee	Inter, Fira Code	Vercel	4.2.2
deepinfra.com	AI products & LLM tooling	Machine Learning Models and Infrastructure   DeepInfra	Next.js		MUI, Emotion	three.js, Motion (Framer Motion)	Swiper	3D/WebGL	Dark, vivid, blue accent	publicSansLatin, manropeLatin	Vercel	
dify.ai	AI products & LLM tooling	Dify - The Platform for Production-Ready Agentic Workflows	Astro		Tailwind	CSS scroll-driven		Scroll-choreographed	Light, blue accent · mono accents · video · canvas	Söhne, Söhne Mono	Cloudflare	4.3.3
dust.tt	AI products & LLM tooling	Dust - Multiplayer AI for human-agent collaboration	Next.js	Contentful	Radix, Tailwind, Registry motion classes	Lottie	Tiptap/ProseMirror, Sonner	JS motion	Light, blue accent · mono accents · span grid · marquee · video	Geist, Geist Mono	Cloudflare	4.3.0
e2b.dev	AI products & LLM tooling	E2B   The Enterprise AI Agent Cloud	Next.js		Radix, Tailwind	Lenis, Motion (Framer Motion), CSS scroll-driven		Scroll-choreographed	Dark, muted, red accent · mono accents · span grid · marquee · canvas	PP Supply Sans, Neue Haas Grotesk Text Pro	Vercel	
elevenlabs.io	AI products & LLM tooling	Free AI Voice Generator & Voice Agents Platform   ElevenLabs	Next.js		Base UI, React Aria, Tailwind	Motion (Framer Motion)	Lexical, lucide icons	JS motion	Light, red accent · mono accents · span grid · canvas	Inter, Geist Mono	nginx/1.30.4	3.4.19
exa.ai	AI products & LLM tooling	Exa   Search API for AI Agents — Real-Time Web Data	Next.js		Radix, Tailwind, styled-components		lucide icons	Static/CSS	Light, muted · video · canvas	Arizona, Inter	Vercel	3.4.19
factory.ai	AI products & LLM tooling	Factory   Agent-Native Software Development	Next.js		shadcn/ui (likely), Radix, Tailwind	GSAP, GSAP ScrollTrigger, Rive	Lexical	Scroll-choreographed	Light, muted · mono accents · span grid · marquee · video	Geist Mono, Geist	Vercel	4.1.11
fin.ai	AI products & LLM tooling	Fin. The highest performing Customer Agent	Next.js	Sanity	Base UI, Tailwind, Registry motion classes	Motion (Framer Motion), View Transitions API	Recharts	JS motion	Light, muted · span grid · marquee · video	MediumLL, SaansMono	Vercel	
fireworks.ai	AI products & LLM tooling	Own Your Specialized Intelligence   Fireworks	Next.js	Sanity	Radix, Ark UI / Zag, Tailwind	Motion (Framer Motion)		JS motion	Light, violet accent · serif display · span grid · marquee	Inter, Aspekta	Vercel	4.2.2
flowiseai.com	AI products & LLM tooling	Flowise - Build AI Agents, Visually	Next.js		shadcn/ui (likely), Radix, Headless UI, Tailwind		lucide icons	Static/CSS	Dark, blue accent · span grid · video	Inter, Architects Daughter	Netlify	3.3.6
glean.com	AI products & LLM tooling	Glean – Enterprise AI that Works   Agents, Assistant & Sear…		Webflow		GSAP, GSAP ScrollTrigger, Lottie	Swiper, Splide	Scroll-choreographed	Light, vivid, blue accent · marquee · video	Inter, Polysans Neutral	Cloudflare	
groq.com	AI products & LLM tooling	Groq is the premier neocloud for fast inference	Next.js	Sanity		GSAP, GSAP ScrollTrigger, Lenis, View Transitions API, CSS scroll-driven	Swiper	Scroll-choreographed	Mid-tone, vivid, orange accent · marquee · canvas	esBuild, aether	Vercel	
gumloop.com	AI products & LLM tooling	Gumloop: Build AI agents for work	Next.js		shadcn/ui (likely), Radix, Base UI, Tailwind	CSS scroll-driven	Recharts, Tiptap/ProseMirror, cmdk, lucide icons	Scroll-choreographed	Light, muted · span grid · marquee	Inter, Caveat	Vercel	
harvey.ai	AI products & LLM tooling	Harvey   AI software for legal and professional services	Next.js	Sanity	shadcn/ui (likely), Radix, Tailwind	GSAP, GSAP ScrollTrigger, Motion (Framer Motion)	Embla Carousel, lucide icons	Scroll-choreographed	Light, muted · span grid · marquee	KaTeX_Main, HarveySerifFont	Vercel	
hebbia.com	AI products & LLM tooling	Hebbia   AI built for the rigor of finance		Contentful		three.js, View Transitions API, CSS scroll-driven		3D/WebGL	Dark, muted, blue accent · marquee · video	Selecta, Edict Display	Vercel	
helicone.ai	AI products & LLM tooling	Helicone / AI Gateway & LLM Observability	Next.js		shadcn/ui (likely), Radix, Tailwind		Recharts, cmdk, lucide icons	Static/CSS	Light, teal accent · span grid		Vercel	3.4.18
heygen.com	AI products & LLM tooling	HeyGen: Create Realistic AI Videos of Yourself in Minutes	Next.js	Sanity	Tailwind		Embla Carousel	Static/CSS	Light, teal accent · mono accents · span grid · video	TT Norms Pro, ABC Solar Display	Vercel	
huggingface.co	AI products & LLM tooling	Hugging Face – The AI community building the future.			Tailwind			Static/CSS	Mid-tone · mono accents · span grid	Source Sans Pro, IBM Plex Mono	AWS CloudFront	4.3.3
humanloop.com	AI products & LLM tooling	Humanloop joins Anthropic	Next.js		Tailwind			Static/CSS	Light, green accent · span grid	NHaasGrotesk Display, NHaasGrotesk Text	Vercel	3.3.2
hume.ai	AI products & LLM tooling	Hume AI - Human Feedback for Voice, Speech, and Conversatio…	Next.js		Radix, Base UI, Tailwind	Paper Shaders, Motion (Framer Motion)	lucide icons	3D/WebGL	Light · mono accents	Fellix, PP Fraktion Mono	Vercel	
jan.ai	AI products & LLM tooling	Jan - Open-Source ChatGPT Replacement	Next.js		shadcn/ui (likely), Headless UI, Tailwind	Motion (Framer Motion)	Embla Carousel, lucide icons	JS motion	Mid-tone, vivid, blue accent · marquee	StudioFeixenSans, PPEditorialNew	Cloudflare	3.4.17
jasper.ai	AI products & LLM tooling	Put AI agents to work for marketing   Jasper		Webflow, HubSpot CMS		GSAP, GSAP ScrollTrigger, Lenis, Rive	Swiper	Scroll-choreographed	Light, green accent · mono accents · marquee · canvas	ABC ROM, Feature	Cloudflare	
krea.ai	AI products & LLM tooling	Krea	SvelteKit, Svelte		shadcn/ui (likely), Tailwind, Registry motion classes	CSS scroll-driven	Sonner, Embla Carousel, lucide icons	Scroll-choreographed	Dark, muted · mono accents · marquee · video · canvas	Suisse Intl, Suisse Intl Mono	Cloudflare	
langchain.com	AI products & LLM tooling	LangChain: the open agent platform to own your intelligence		Webflow		GSAP, GSAP ScrollTrigger, Lottie	Swiper	Scroll-choreographed	Dark, blue accent · marquee	Manrope, Twklausanne	Cloudflare	
langfuse.com	AI products & LLM tooling	Langfuse: Open Source Agent Evals & Observability	Next.js		shadcn/ui (likely), Radix, Tailwind, Registry motion classes	Motion (Framer Motion)	lucide icons	JS motion	Light, yellow accent · span grid · marquee · video	Inter, geistMono	Vercel	
librechat.ai	AI products & LLM tooling	LibreChat - The Open-Source AI Platform	Next.js		shadcn/ui (likely), Radix, Tailwind		lucide icons	Static/CSS	Light + dark (follows OS), muted	GeistSans, GeistMono	Vercel	4.3.1
limitless.ai	AI products & LLM tooling	Limitless	Next.js		Radix, Tailwind	Motion (Framer Motion)	cmdk, Sonner, lucide icons	JS motion	Light + dark (follows OS), muted		Vercel	3.4.13
lindy.ai	AI products & LLM tooling	Lindy – The AI Teammate That Lets You Do More		Webflow		GSAP, GSAP ScrollTrigger, Lenis, Lottie	Swiper	Scroll-choreographed	Light, muted, blue accent · marquee	webflow-icons, Inter	Cloudflare	
livekit.io	AI products & LLM tooling	Build voice, video, and physical AI   LiveKit	Next.js		shadcn/ui (likely), Radix, Tailwind, Registry motion classes	Motion (Framer Motion), CSS scroll-driven	cmdk, Sonner	Scroll-choreographed	Dark, muted, teal accent · span grid · marquee · video · canvas	displayFont, Public Sans	Vercel	
llamaindex.ai	AI products & LLM tooling	LlamaIndex   AI Agents for Document OCR + Workflows	Astro	Sanity		GSAP ScrollTrigger, Lottie		Scroll-choreographed	Light, orange accent · video	OverusedGrotesk, IBMPlexMono	Vercel	
lmstudio.ai	AI products & LLM tooling	LM Studio Bionic - Agent for Work and Code	Next.js		Radix, Tailwind		lucide icons	Static/CSS	Light + dark (follows OS), muted, blue accent · span grid · marquee		Cloudflare	4.2.2
lobehub.com	AI products & LLM tooling	LobeHub - Your Chief Agent Operator	Remix/React Router		Base UI, Ant Design, Emotion	Motion (Framer Motion)	lucide icons	JS motion	Light + dark (follows OS), muted · video		Vercel	
lumalabs.ai	AI products & LLM tooling	Luma   AI Agents for Creative Work	Next.js	Sanity	shadcn/ui (likely), Radix, Tailwind	Motion (Framer Motion)		JS motion	Dark · video		Vercel	4.2.2
magnific.ai	AI products & LLM tooling	Magnific (formerly Freepik)   The AI Creative Platform	Next.js		Radix, Tailwind			Static/CSS	Dark, pink accent · span grid · marquee · video	geist, klarheit		
mastra.ai	AI products & LLM tooling	TypeScript AI Framework for Agents and Apps   Mastra	Next.js		Base UI, Tailwind, Registry motion classes	Motion (Framer Motion), Lottie	Sonner	JS motion	Dark, muted, orange accent · span grid · marquee · video	commitMono, greed	Vercel	
mistral.ai	AI products & LLM tooling	Frontier AI LLMs, assistants, agents, services   Mistral	Astro		Tailwind	three.js, GSAP, GSAP ScrollTrigger, Lenis, Lottie, View Transitions API	Swiper	3D/WebGL	Light + dark (follows OS), vivid, orange accent · mono accents · marquee	ALTMistral, Space Mono	Netlify	
msty.ai	AI products & LLM tooling	Msty — Private AI for real work	Astro					Static/CSS	Light, blue accent · serif display	Mona Sans, Newsreader	Cloudflare	
ollama.com	AI products & LLM tooling	Ollama	htmx		Tailwind, Registry motion classes			JS motion	Light, muted, blue accent · marquee · video		google frontend	3.4.12
onyx.app	AI products & LLM tooling	AWS	Next.js		shadcn/ui (likely), Radix, Tailwind		lucide icons	Static/CSS	Light, muted · mono accents · span grid · marquee	Hanken Grotesk, DM Mono	Vercel	3.4.19
openrouter.ai	AI products & LLM tooling	OpenRouter	Next.js		shadcn/ui (likely), Base UI, Tailwind	View Transitions API	cmdk, lucide icons	JS motion	Light + dark (follows OS), muted, violet accent	Plus Jakarta Sans, gordita	Vercel	
openwebui.com	AI products & LLM tooling	Open WebUI: Self-Hosted AI Platform	SvelteKit		Tailwind		Sonner	Static/CSS	Light + dark (follows OS), blue accent · span grid · marquee · video	KaTeX_Main, KaTeX_SansSerif	Cloudflare	4.0.6
opus.pro	AI products & LLM tooling	OpusClip: #1 AI video clipping and editing tool		Webflow		GSAP, GSAP ScrollTrigger, Rive	Swiper	Scroll-choreographed	Dark, muted, blue accent · marquee · video · canvas	Gilroy, Poppins	Cloudflare	
orq.ai	AI products & LLM tooling	Orq.ai   Sovereign AI Gateway and Platform		Framer (site builder)		Motion (Framer Motion)		JS motion	Light, teal accent	Inter, Inter Display	Framer	
pika.art	AI products & LLM tooling	Pika	Next.js		Base UI, Tailwind, Registry motion classes	Lenis, Motion (Framer Motion)		Scroll-choreographed	Light, green accent · span grid · marquee · video	Telka, Telka Extended	Vercel	
portkey.ai	AI products & LLM tooling	Production Stack for Gen AI Builders Portkey		Framer (site builder)		Motion (Framer Motion)		JS motion	Dark, muted, teal accent · mono accents · video	Inter, Inter Display	Cloudflare	
promptlayer.com	AI products & LLM tooling	PromptLayer — Prompt Management, Evals & Observability	Next.js		shadcn/ui (likely), Radix, Tailwind, styled-components, Registry motion classes	GSAP, GSAP ScrollTrigger, Lenis, Motion (Framer Motion), View Transitions API	Tiptap/ProseMirror, cmdk	Scroll-choreographed	Mid-tone, muted, blue accent · video	gaisyr, PromptLayer Inter	Vercel	
recraft.ai	AI products & LLM tooling	Recraft   AI for designers, creatives, sellers, and teams		Framer (site builder)		Motion (Framer Motion)		JS motion	Mid-tone, vivid, blue accent · video	Inter, Geist	Vercel	
relevanceai.com	AI products & LLM tooling	Specialist AI Agents for Every Task   Relevance AI	Astro		Radix, Tailwind, Registry motion classes			JS motion	Light, muted · span grid · marquee	Inter	Vercel	
retellai.com	AI products & LLM tooling	Retell AI: AI Voice Agent Platform to Build & Deploy in Min…		Webflow		GSAP, GSAP ScrollTrigger, Rive, Lottie	Swiper	Scroll-choreographed	Mid-tone, vivid, blue accent · marquee · video · canvas	Untitled Sans, webflow-icons	Cloudflare	
rows.com	AI products & LLM tooling	Rows - Your new AI Data Analyst	Next.js	Contentful			Lexical	Static/CSS	Light, yellow accent	Output Sans, GT Flexa	AWS CloudFront	
runwayml.com	AI products & LLM tooling	Runway   Building Real-World Intelligence	Next.js		Tailwind	GSAP, GSAP ScrollTrigger, Motion (Framer Motion), react-spring	lucide icons	Scroll-choreographed	Mid-tone, vivid, orange accent · video	abcNormal, timesNow	Vercel	
sierra.ai	AI products & LLM tooling	Better customer experiences   Sierra	Next.js	Sanity	Radix, React Aria, Tailwind, Registry motion classes	Motion (Framer Motion)		JS motion	Mid-tone, vivid, orange accent · span grid · marquee · video	gtAmerica, gtAmericaMono	Vercel	
suno.com	AI products & LLM tooling	Suno   AI Music Generator	Next.js		Base UI, React Aria, Tailwind, Emotion, Registry motion classes			JS motion	Dark, vivid, orange accent · serif display · marquee · video	Neue Montreal, Editorial New	Vercel	
synthesia.io	AI products & LLM tooling	Synthesia: #1 AI Video Platform for Business		Webflow	Tailwind		Embla Carousel	Static/CSS	Light, muted, blue accent · video	Basiersquare Webfont, webflow-icons	Cloudflare	
tavily.com	AI products & LLM tooling	Tavily	Next.js	Sanity			Recharts, Embla Carousel	Static/CSS	Light · marquee	Suisse Int\	AWS CloudFront	
tavus.io	AI products & LLM tooling	Tavus: The Human Computing Company	React	Webflow	Radix, Tailwind	GSAP, GSAP ScrollTrigger, Motion (Framer Motion), react-spring	Swiper, Splide, lucide icons	Scroll-choreographed	Light, red accent · marquee · video	SuisseIntl, PerfectlyNineties	Cloudflare	
tempo.new	AI products & LLM tooling	Tempo - The IDE for the whole team	React		Base UI, Tailwind		cmdk, Sonner	Static/CSS	Dark, muted, red accent · serif display · mono accents	InterVariable, Hedvig Letters Serif	Vercel	
typingmind.com	AI products & LLM tooling	TypingMind — LLM Frontend Chat UI for AI models	Next.js		Radix, Headless UI, Tailwind		Chart.js	Static/CSS	Light, red accent · span grid · marquee	Inter, KaTeX_Main	Vercel	
udio.com	AI products & LLM tooling	Udio   AI Music Generator - Official Website	Next.js		shadcn/ui (likely), Radix, React Aria, Mantine, Tailwind, Registry motion classes	Motion (Framer Motion)	Tiptap/ProseMirror, cmdk, Sonner, lucide icons	JS motion	Dark, muted · marquee	Inter, InnovatorFont	Vercel	
vapi.ai	AI products & LLM tooling	Vapi - Build Advanced Voice AI Agents	Next.js	Prismic	Radix, React Aria, Tailwind	Motion (Framer Motion), Lottie, CSS scroll-driven	Swiper	Scroll-choreographed	Dark, green accent · mono accents · marquee · video	avantt, Geist Mono	Vercel	
vellum.ai	AI products & LLM tooling	Vellum: Your Personal Intelligence	Next.js		Tailwind		lucide icons	Static/CSS	Light, vivid, yellow accent · serif display · mono accents · marquee · canvas	Inter, DM Mono		
wandb.ai	AI products & LLM tooling	Weights & Biases	React					Static/CSS	Dark, orange accent			
wordware.ai	AI products & LLM tooling	Wordware	Next.js		Tailwind	GSAP, GSAP ScrollTrigger, Motion (Framer Motion), Lottie		Scroll-choreographed	Light, muted	Suisse Intl, Exposure	Vercel	3.4.18
writer.com	AI products & LLM tooling	WRITER - The enterprise AI platform for agentic work	Vue	WordPress	Tailwind	GSAP, Lottie	Swiper	JS motion	Mid-tone, muted, blue accent · mono accents · video	Graphik, Formula Condensed	Cloudflare	
you.com	AI products & LLM tooling	The Leading Web Search APIs for AI   You.com	Next.js	Webflow, HubSpot CMS	Base UI		Recharts, lucide icons	Static/CSS	Light + dark (follows OS), green accent · canvas		Cloudflare	
affine.pro	Productivity & collaboration	AFFiNE — Open-Source Knowledge Base Software	Nuxt		Tailwind	CSS scroll-driven		Scroll-choreographed	Light, muted, blue accent · marquee · video	Inter, Kalam	Cloudflare	
akiflow.com	Productivity & collaboration	Akiflow   Time-Blocking Digital Planner & Calendar		Framer (site builder)		Motion (Framer Motion)		JS motion	Light, violet accent · video	Inter, Geist	Cloudflare	
amie.so	Productivity & collaboration	Amie - AI Note Taker	Next.js		Radix, Tailwind	Motion (Framer Motion)		JS motion	Light, muted, blue accent · serif display · marquee	Inter, Averia Serif Libre	Vercel	3.4.1
anytype.io	Productivity & collaboration	Anytype — A safe haven for digital collaboration	Nuxt		Tailwind	GSAP, GSAP ScrollTrigger	Swiper	Scroll-choreographed	Light, muted	inter, riccionets	nginx/1.31.4	4.1.16
appflowy.io	Productivity & collaboration	Self-Hosted AI Workspace for Enterprise Teams   AppFlowy	Next.js		shadcn/ui (likely), Radix, MUI, Tailwind, Emotion	Motion (Framer Motion)	Sonner	JS motion	Light, muted	Manrope, Inter	Cloudflare	3.3.3
arc.net	Productivity & collaboration	Arc from The Browser Company	Next.js		styled-components	Motion (Framer Motion)		JS motion	Light, vivid, blue accent · mono accents · video	Marlin Soft SQ, Space Mono	Vercel	
asana.com	Productivity & collaboration	Work & Project Management for Human-Agent Teams • Asana	Next.js		Base UI, Emotion			Static/CSS	Light, muted · marquee	TWK Lausanne, haptik	Netlify	
atlassian.com	Productivity & collaboration	Collaboration software for software, IT and business teams …			Emotion	CSS scroll-driven	Tiptap/ProseMirror	Scroll-choreographed	Light, vivid, orange accent · video	Charlie Display, Charlie Text	AWS CloudFront	
basecamp.com	Productivity & collaboration	Basecamp						Static/CSS	Light + dark (follows OS), blue accent · mono accents · canvas	Graphik, Sharpie	Cloudflare	
bear.app	Productivity & collaboration	Bear - Markdown Notes						Static/CSS	Light, muted · video	bearsans, bearsansheadline	apache/2.4.41 (ubuntu)	
beautiful.ai	Productivity & collaboration	AI Presentation Software for Teams		Webflow		GSAP, GSAP ScrollTrigger, Lenis	Swiper, Font Awesome	Scroll-choreographed	Mid-tone, teal accent · marquee · video	Post Grotesk Woff2, Roboto	google frontend	
box.com	Productivity & collaboration	Box   AI-Powered Content Management, Workflow & Collaborati…						Static/CSS	Light, pink accent · marquee · video	Inter, icomoon	Cloudflare	
cap.so	Productivity & collaboration	Cap — Free Screen Recorder & Open Source Loom Alternative	Next.js		shadcn/ui (likely), Radix, Tailwind, Registry motion classes	View Transitions API	Recharts, cmdk, lucide icons, Font Awesome	JS motion	Light · serif display · span grid · marquee	Geist, Source Serif 4	Vercel	
capacities.io	Productivity & collaboration	A studio for your mind   Capacities	Nuxt		Radix, Flowbite, Tailwind		Tiptap/ProseMirror, Heroicons, Font Awesome, Material Symbols	Static/CSS	Light + dark (follows OS) · mono accents · span grid · marquee	Literata, JetBrains Mono	Cloudflare	
clickup.com	Productivity & collaboration	ClickUp™   Maximize productivity • Software, AI, and humans…	Next.js	Contentful	Radix, Tailwind	GSAP, GSAP ScrollTrigger, Motion (Framer Motion)		Scroll-choreographed	Light, muted · mono accents · marquee	Inter, Plus Jakarta Sans	AWS CloudFront	
clockify.me	Productivity & collaboration	Clockify™ - Time Tracking Software						Static/CSS	Light, muted, teal accent	HumanSans, Inter	AWS CloudFront	
coda.io	Productivity & collaboration	Coda: Your all-in-one collaborative workspace.	Remix/React Router	Sanity				Static/CSS	Light, vivid, red accent · serif display · video · canvas	Inter, Source-Serif-Pro	AWS CloudFront	
craft.do	Productivity & collaboration	Craft — Productivity App for Notes, Tasks, and Docs	Next.js		shadcn/ui (likely), Radix, Tailwind	Motion (Framer Motion)	cmdk, Embla Carousel, Splide, lucide icons	JS motion	Light, vivid · serif display	Inter, Source Serif 4	Cloudflare	4.2.1
culturedcode.com	Productivity & collaboration	Things - To-Do List App for Mac & iOS						Static/CSS	Light, muted, blue accent · video		AWS CloudFront	
descript.com	Productivity & collaboration	Descript: AI Video & Audio Text-based Editor — Try Free	Next.js	Sanity	Tailwind, styled-components, Registry motion classes	Motion (Framer Motion)		JS motion	Mid-tone, vivid, red accent · marquee · video	booton, gamuthDisplay	nginx/1.30.1	
diabrowser.com	Productivity & collaboration	Dia   The browser for better days at work.	Next.js	Sanity	Tailwind	Lenis, Motion (Framer Motion)		Scroll-choreographed	Light, vivid, orange accent · mono accents · span grid · marquee · video	Exposure VAR, ABC Oracle	Vercel	3.4.17
discord.com	Productivity & collaboration	Discord - Group Chat That’s All Fun & Games	Next.js	Webflow		Lottie	Swiper	JS motion	Dark, vivid, blue accent · video	gg sans, Notosans	Cloudflare	
dropbox.com	Productivity & collaboration	Dropbox: Secure cloud storage, file sharing, and more	React		Tailwind	Lenis, Rive, Lottie		Scroll-choreographed	Light, muted, blue accent	SharpGrotesk, Atlas Grotesk	envoy	
element.io	Productivity & collaboration	Element   Secure collaboration and messaging		Webflow				Static/CSS	Dark, teal accent · marquee	InterHosted, Extratype eina02	Cloudflare	
everhour.com	Productivity & collaboration	Time Tracking with Billing & Budget Management   Everhour						Static/CSS	Light, muted · marquee	bebasneuelight, bebasneueregular	AWS CloudFront	
excalidraw.com	Productivity & collaboration	Excalidraw Whiteboard	React		Radix		Font Awesome	Static/CSS	Light, muted	Assistant	Vercel	
fastmail.com	Productivity & collaboration	Email and calendar made better   Fastmail			Tailwind			Static/CSS	Mid-tone, vivid, blue accent · video	Proxima Nova, roca	Cloudflare	
fathom.video	Productivity & collaboration	Fathom AI Notetaker - Never Take Notes Again		Webflow		GSAP, GSAP ScrollTrigger, Lenis	Swiper	Scroll-choreographed	Dark, muted, teal accent · marquee · video · canvas	Sora, webflow-icons	Cloudflare	
fibery.io	Productivity & collaboration	Fibery — Operating system for orgs run by nerds	Next.js					Static/CSS	Light · serif display · video	Suisse Intl, Fraunces Var		
float.com	Productivity & collaboration	Float.com Resource Management Software, Scheduling & Planni…		Webflow		GSAP, GSAP ScrollTrigger, Lottie	Swiper, Splide	Scroll-choreographed	Dark, muted, teal accent	Inter, webflow-icons	Cloudflare	
front.com	Productivity & collaboration	Front   Customer service platform — powered by AI, designed…	Next.js		Tailwind	Motion (Framer Motion), Lottie, Barba/Swup	Swiper	JS motion	Dark, vivid, violet accent · mono accents · span grid	Suisse Intl, Suisse Works	Vercel	3.4.18
geekbot.com	Productivity & collaboration	Asynchronous stand-up meetings in Slack & Microsoft Teams  …		WordPress	Tailwind	Lottie	Swiper	JS motion	Mid-tone, muted · serif display	Recoleta, Lato	nginx	3.4.12
getguru.com	Productivity & collaboration	The Governed Knowledge Layer for Enterprise AI		Webflow		GSAP, GSAP ScrollTrigger, Lottie		Scroll-choreographed	Mid-tone, muted, green accent · marquee	Poppins, Sourceserifpro	Cloudflare	
getharvest.com	Productivity & collaboration	Time Tracking Software With Invoicing   Harvest		HubSpot CMS				Static/CSS	Light, orange accent · video	MuotoWeb, Muoto VAR	Cloudflare	
getoutline.com	Productivity & collaboration	Outline – Team knowledge base & wiki	Next.js		Radix			Static/CSS	Light, muted, blue accent	HK Grotesk	GitHub Pages	
grain.com	Productivity & collaboration	Grain   The AI Notetaker Built for Growing Teams		Webflow	Emotion	Lottie	Swiper	JS motion	Light, green accent · marquee	Inter Variablefont Slnt Wght, Poppins	AWS CloudFront	
granola.ai	Productivity & collaboration	Granola — The AI Notepad for back-to-back meetings	Next.js	Sanity	shadcn/ui (likely), Radix, Tailwind, Registry motion classes	GSAP, GSAP ScrollTrigger, Motion (Framer Motion), CSS scroll-driven	Vaul, lucide icons	Scroll-choreographed	Light, yellow accent · span grid · marquee	melange, quadrant	Vercel	4.2.2
heptabase.com	Productivity & collaboration	Heptabase	Next.js		Headless UI, Tailwind		Embla Carousel	Static/CSS	Light, muted · span grid · video	Inter	Vercel	3.3.2
hey.com	Productivity & collaboration	HEY — A delightfully fresh take on email + calendar, from 3…						Static/CSS	Light + dark (follows OS), violet accent · mono accents · video	Moniker, Really Sans Large	Cloudflare	
krisp.ai	Productivity & collaboration	Voice AI for Meetings: Noise Cancellation & AI Note Taker  …		WordPress				Static/CSS	Light, muted, blue accent · video	Plus Jakarta Sans	Cloudflare	
logseq.com	Productivity & collaboration	Logseq: A privacy-first, open-source knowledge base	Nuxt, React		Radix, Tailwind		Swiper	Static/CSS	Dark, vivid	swiper-icons	AWS CloudFront	
loom.com	Productivity & collaboration	Free screen recorder for Mac and PC   Loom	Next.js	Sanity	Tailwind, Emotion			Static/CSS	Light, blue accent · video	Charlie Display, Charlie Text	Vercel	3.2.4
mattermost.com	Productivity & collaboration	Mattermost   Collaboration Platform for Mission Critical Wo…	Astro			View Transitions API	Embla Carousel	JS motion	Dark, blue accent · mono accents · marquee	Trade Gothic Next LT Pro, JetBrains Mono	Cloudflare	
mem.ai	Productivity & collaboration	Mem	React		React Aria, Emotion	Motion (Framer Motion), Lottie	Tiptap/ProseMirror, Lexical, Font Awesome	JS motion	Light, vivid, red accent	Ritual	Fastly	
miro.com	Productivity & collaboration	AI Innovation Workspace   Miro		Framer (site builder), Contentful	shadcn/ui (likely), Radix, Tailwind	Motion (Framer Motion)	lucide icons	JS motion	Light, blue accent · span grid · video · canvas	Inter, Noto Sans	AWS CloudFront	
missiveapp.com	Productivity & collaboration	Missive · Inbox collaboration for teams that run on email		Webflow			Swiper	Static/CSS	Light, muted, blue accent · serif display · marquee · video	Inter, webflow-icons	AWS CloudFront	
mural.co	Productivity & collaboration	AI-powered visual workspace for team collaboration   Mural		Webflow		GSAP, GSAP ScrollTrigger, Lottie	Swiper	Scroll-choreographed	Dark, muted · marquee	ABC Social, STK Bureau	Cloudflare	
notion.com	Productivity & collaboration	The AI workspace that works for you.   Notion	Next.js	Contentful	Tailwind			Static/CSS	Light, muted, blue accent · mono accents · marquee · video	NotionInter, Lyon Text	Vercel	
nuclino.com	Productivity & collaboration	Nuclino   Your team’s collective brain	Astro					Static/CSS	Light, muted	Source Sans 3-43e2f2b76ca65a9c, Inter-46bd9a94e867f4bc	Netlify	
obsidian.md	Productivity & collaboration	Obsidian - Sharpen your thinking			Tailwind	PixiJS		3D/WebGL	Dark, muted, violet accent	Inter	GitHub Pages	3.4.17
otter.ai	Productivity & collaboration	Otter Meeting Agent - AI Notetaker, Transcription, Insights		Webflow	Emotion	GSAP, GSAP ScrollTrigger	Swiper	Scroll-choreographed	Light, muted, blue accent · marquee · video	Avertastd, Circular		
pitch.com	Productivity & collaboration	The AI presentation workspace		Framer (site builder)		Motion (Framer Motion)		JS motion	Light · mono accents · video · canvas	Inter, Space Mono	AWS CloudFront	
plane.so	Productivity & collaboration	AI-native project management   Plane	Next.js		Tailwind, Registry motion classes	Motion (Framer Motion), Lottie	Lexical, lucide icons	JS motion	Light, muted, orange accent · mono accents · span grid · marquee	sourceSerifPro, IBM Plex Mono	Vercel	
proton.me	Productivity & collaboration	Proton: Privacy by default	Astro		Headless UI, Tailwind			Static/CSS	Light, violet accent · span grid · video	ProtonSans, ProtonSansFallback		
range.co	Productivity & collaboration	Range	React					Static/CSS	Mid-tone, muted, blue accent	icons, Inter	AWS CloudFront	
reclaim.ai	Productivity & collaboration	Reclaim – AI Calendar for Work & Life		Webflow		Lottie		JS motion	Light, muted, blue accent · canvas	webflow-icons, Poppins	Cloudflare	
reflect.app	Productivity & collaboration	Reflect Notes	Qwik			View Transitions API	Swiper	JS motion	Dark · video · canvas	Inter V, swiper-icons	Vercel	
riverside.fm	Productivity & collaboration	Riverside: HD Podcast & Video Software   Free Recording & E…		Webflow			Swiper, Splide	Static/CSS	Mid-tone, vivid, orange accent · marquee · video	Inter-custom-woff2, Instrument Sans	AWS CloudFront	
rocket.chat	Productivity & collaboration	Rocket.Chat   Secure CommsOS® for Mission-Critical Operatio…		Webflow		Lottie		JS motion	Mid-tone, muted, blue accent · marquee	webflow-icons	Cloudflare	
screen.studio	Productivity & collaboration	Screen Studio — Professional screen recorder for macOS	Next.js		styled-components	Motion (Framer Motion)	Material Symbols	JS motion	Dark, muted, blue accent · video	Inter, Manrope	Vercel	
sendbird.com	Productivity & collaboration	The AI customer experience platform for enterprise   Sendbi…	Nuxt				Swiper	Static/CSS	Light · mono accents · marquee	Roboto Mono, Gellix	Netlify	
shortcut.com	Productivity & collaboration	Shortcut – Project Management for Software Teams and their …	Astro	Webflow				Static/CSS	Light, muted, blue accent · mono accents · marquee	Geist Mono, Satoshi	AWS CloudFront	
slack.com	Productivity & collaboration	Slack   AI Work Platform & Productivity Tools	React			GSAP ScrollTrigger	Swiper	Scroll-choreographed	Light, muted, violet accent · marquee · video	Salesforce-Sans, NotoSansJP	apache	
slite.com	Productivity & collaboration	Slite   Self-maintaining AI knowledge base	React	Sanity	Radix, Emotion	Motion (Framer Motion)		JS motion	Light, muted, orange accent · mono accents	Roboto, Garnett		
smartsheet.com	Productivity & collaboration	Work Management Platform   Smartsheet				Lottie		JS motion	Light, vivid, blue accent · video	TT Norms, icomoon	Fastly	
sunsama.com	Productivity & collaboration	Sunsama - Make work-life balance a reality.		Webflow		Lottie	Splide	JS motion	Light, orange accent	Avenir, webflow-icons	Cloudflare	
superhuman.com	Productivity & collaboration	Superhuman: Docs, Mail, and AI That Work Everywhere	Next.js	Contentful		CSS scroll-driven		Scroll-choreographed	Mid-tone, teal accent · serif display · mono accents · video	Super Sans, Super Serif	AWS CloudFront	
tability.io	Productivity & collaboration	Tability   OKRs that don't suck		Webflow				Static/CSS	Mid-tone, vivid, teal accent · marquee	webflow-icons	Cloudflare	
tana.inc	Productivity & collaboration	Tana - Do work in the meeting	Next.js		Radix	Motion (Framer Motion), View Transitions API		JS motion	Light, orange accent · serif display · marquee · video	Source Serif 4, Inter	Vercel	
teamwork.com	Productivity & collaboration	AI-Powered PSA Software Built for Profitability   Teamwork.…	Nuxt	Storyblok	Tailwind	Lottie, View Transitions API, CSS scroll-driven		Scroll-choreographed	Light, muted · marquee · video	Work Sans, KaTeX_Main	AWS CloudFront	
tella.tv	Productivity & collaboration	Tella   All-in-One Screen Recorder for Mac, Windows & Chrome	Next.js		Base UI, Tailwind, Registry motion classes	Motion (Framer Motion), CSS scroll-driven	cmdk	Scroll-choreographed	Light, muted, blue accent · serif display · span grid · marquee · video · canvas	Inter, EB Garamond	Vercel	
timelyapp.com	Productivity & collaboration	Timely, automatic time tracking for consultancies, agencies…	Astro					Static/CSS	Dark, vivid, violet accent	Circular-e3f32a38afa2832f	Cloudflare	
tldraw.com	Productivity & collaboration	tldraw • very good free whiteboard	React		Radix, Emotion		Tiptap/ProseMirror	Static/CSS	Light, muted	Inter	Vercel	
todoist.com	Productivity & collaboration	Todoist   A To-Do List to Organize Your Work & Life	Astro	Contentful	Tailwind	GSAP ScrollTrigger		Scroll-choreographed	Light, red accent · marquee · video	Inter-5486e50ce5a4efdf, Inter-5486e50ce5a4efdf fallback: Arial	AWS CloudFront	
toggl.com	Productivity & collaboration	Toggl: Time Tracking Software & Capacity Planning Tool		Webflow		Lottie	Swiper	JS motion	Light, pink accent · marquee · canvas	Aeoniksoft, Aeonik	nginx	
trello.com	Productivity & collaboration	Capture, organize, and tackle your to-dos from anywhere	React	Contentful	styled-components	Rive		JS motion	Light, blue accent · video	Charlie Display, Charlie Text	AWS CloudFront	
tuta.com	Productivity & collaboration	Tuta: Turn ON privacy for free with secure emails, calendar…	Astro, SolidJS					Static/CSS	Mid-tone, vivid, red accent			
twist.com	Productivity & collaboration	Twist: Organized work communication for flexible teams	Next.js		Tailwind			Static/CSS	Light, teal accent · serif display · video	Caecilia, Graphik	AWS CloudFront	
usemotion.com	Productivity & collaboration	The AI Powered SuperApp for Work   Motion	Astro		Tailwind	View Transitions API		JS motion	Light, blue accent · span grid · video		Cloudflare	4.1.13
whereby.com	Productivity & collaboration	Secure, customizable & reliable WebRTC Video Calls  Whereby		Framer (site builder)		Motion (Framer Motion)		JS motion	Light, orange accent · mono accents	Inter, Inter Display	Framer	
whimsical.com	Productivity & collaboration	Whimsical — The whiteboard for product builders	Astro					Static/CSS	Light, blue accent	Agrandir-0cfc125464d8d15e, Manrope-79d1da00e5f47c83	Cloudflare	
wrike.com	Productivity & collaboration	AI-powered enterprise work management software   Wrike	Angular				Swiper	Static/CSS	Light, green accent · video	TT_Norms_Pro, TT_Norms_Pro Fallback: -apple-system	Cloudflare	
zoom.us	Productivity & collaboration	One platform to connect   Zoom					Swiper	Static/CSS	Mid-tone, vivid, blue accent · serif display · marquee · video	Inter, Noto Sans JP	Cloudflare	
zulip.com	Productivity & collaboration	Zulip — organized team chat					Font Awesome	Static/CSS	Light + dark (follows OS), vivid, blue accent	Source Code Pro, Open Sans	nginx/1.24.0 (ubuntu)	
appcues.com	Support, feedback & onboarding	Appcues   AI-Powered Customer Engagement Platform		Webflow		Unicorn Studio		3D/WebGL	Light · video	Martinaplantijn, Gt Standard L Standard	Cloudflare	
arcade.software	Support, feedback & onboarding	Arcade - Bring your product story to life in minutes		Webflow		Unicorn Studio, GSAP, GSAP ScrollTrigger	Swiper	3D/WebGL	Light, vivid, blue accent · marquee · video	webflow-icons, Inter (with OpenType)	Cloudflare	
canny.io	Support, feedback & onboarding	Canny: AI Customer Feedback Management Software and Tools	React		shadcn/ui (likely), Radix, Tailwind		lucide icons	Static/CSS	Light, muted · mono accents · span grid · video	Inter, Roboto Mono	AWS CloudFront	4.3.3
chameleon.io	Support, feedback & onboarding	Chameleon   The Self-Improving Product System	Alpine.js		Tailwind, Registry motion classes	Lottie		JS motion	Mid-tone, green accent · span grid · marquee	Satoshi, Rebond		3.4.3
chatwoot.com	Support, feedback & onboarding	Chatwoot: AI-powered, open-source customer support platform…	Nuxt		Headless UI, Flowbite, Tailwind		Heroicons, Font Awesome, Material Symbols	Static/CSS	Light, blue accent · span grid	Haskoy	Netlify	3.4.17
crisp.chat	Support, feedback & onboarding	The AI Customer Support Platform for Every Business - Crisp	Nuxt				Swiper	Static/CSS	Light, vivid, blue accent · video	Crisp Aeonik Pro, Crisp Inter	Cloudflare	
featurebase.app	Support, feedback & onboarding	Featurebase – Modern Support & Feedback Platform	Next.js		Radix, Headless UI, Tailwind, Registry motion classes	Motion (Framer Motion)	Tiptap/ProseMirror	JS motion	Dark, muted · marquee	Inter	Vercel	3.2.4
freescout.net	Support, feedback & onboarding	Best open source help desk: Zendesk & Help Scout alternative		WordPress			Font Awesome	Static/CSS	Mid-tone, blue accent · marquee	FontAwesome, Montserrat	Cloudflare	
freshdesk.com	Support, feedback & onboarding	AI-Powered Customer Service Software   Freshdesk   Freshwor…	Next.js	Contentful	shadcn/ui (likely), MUI, styled-components, Emotion	Motion (Framer Motion)		JS motion	Mid-tone, muted · serif display · marquee · video	Roboto, Lora	AWS CloudFront	
frill.co	Support, feedback & onboarding	Customer Feedback Platform - Frill		Framer (site builder)		Motion (Framer Motion)		JS motion	Light, muted, teal accent · mono accents	Inter, Inter Display	Cloudflare	
getbeamer.com	Support, feedback & onboarding	Customer Communication Platform for Product Releases   Beam…		Webflow		Lottie	Font Awesome	JS motion	Light, vivid, yellow accent	webflow-icons	Cloudflare	
gladly.com	Support, feedback & onboarding	Agentic commerce platform built for top brands   Gladly	Next.js	Sanity	Base UI, Tailwind, styled-components	Motion (Framer Motion)	Embla Carousel	JS motion	Light, orange accent · mono accents · video · canvas	Roboto, Roboto Mono	Vercel	
gorgias.com	Support, feedback & onboarding	The Conversational AI platform for Ecommerce   Gorgias		Webflow	Tailwind, Registry motion classes	GSAP, GSAP ScrollTrigger, Lottie	Recharts, Swiper, Splide	Scroll-choreographed	Mid-tone, orange accent · marquee · video	205 Tf Louize, Featuredeck	Cloudflare	4.3.2
headwayapp.co	Support, feedback & onboarding	Headway - Keep customers in the loop about your product.			Tailwind			Static/CSS	Light, muted, blue accent	Graphik, BLOKK	openresty	
helpscout.com	Support, feedback & onboarding	Help Scout: The AI-driven support platform for customer-fir…	Gatsby	Contentful		CSS scroll-driven		Scroll-choreographed	Light, blue accent · serif display · canvas	Victor Serif, Scoutie Sans	Vercel	
helpshift.com	Support, feedback & onboarding	AI-Native Player Engagement Platform For Gaming   Helpshift		WordPress		GSAP, GSAP ScrollTrigger, Lottie	Swiper	Scroll-choreographed	Dark, teal accent · serif display · video	Matter, Roboto	Cloudflare	
intercom.com	Support, feedback & onboarding	Intercom   A complete system for human and AI customer serv…	Next.js	Sanity	Base UI, Tailwind, Registry motion classes	Motion (Framer Motion)		JS motion	Light, muted, orange accent · span grid · marquee	Inter, MediumLL	Vercel	
kustomer.com	Support, feedback & onboarding	AI Customer Service Platform & CRM   Kustomer	Next.js	Sanity				Static/CSS	Light, blue accent · marquee · video	quincy-cf, neue-haas-unica	Vercel	
livechat.com	Support, feedback & onboarding	LiveChat® - The Best AI Live Chat Software for Business   L…		WordPress	Tailwind	GSAP, GSAP ScrollTrigger, CSS scroll-driven	Swiper	Scroll-choreographed	Light, orange accent · marquee	Colfax	Netlify	
mux.com	Support, feedback & onboarding	Video API for developers   Mux	Next.js	Sanity	Radix, Tailwind			Static/CSS	Light, orange accent · span grid · video	Aeonik, KaTeX_Main	Vercel	
navattic.com	Support, feedback & onboarding	Navattic: Interactive Product Demo Software	Next.js	Sanity	shadcn/ui (likely), Radix, Tailwind, Registry motion classes	Motion (Framer Motion)	Recharts, Tiptap/ProseMirror	JS motion	Light, muted · mono accents · marquee · canvas	Inter, suisse	Vercel	4.1.17
pendo.io	Support, feedback & onboarding	Pendo   Product Context for Your Apps and AI Agents	Next.js	Builder.io	Headless UI, Tailwind, Emotion, Registry motion classes	GSAP, GSAP ScrollTrigger, Motion (Framer Motion), Rive	lucide icons	Scroll-choreographed	Light, red accent · marquee · canvas	Inter, Sora	Vercel	4.1.4
plain.com	Support, feedback & onboarding	Plain — The AI Support Stack Built for B2B		Framer (site builder)		Motion (Framer Motion)		JS motion	Light, muted, green accent · mono accents · video	Inter, Geist Mono	Vercel	
productboard.com	Support, feedback & onboarding	The Agentic Product Management System   Productboard	Next.js	WordPress, Builder.io	Tailwind, styled-components, Emotion		Embla Carousel, Splide	Static/CSS	Light, blue accent · marquee	eina	Vercel	3.4.17
storylane.io	Support, feedback & onboarding	Storylane - Demo Automation and AI SDR Software		Webflow		GSAP, GSAP ScrollTrigger, Lottie	Swiper, Splide	Scroll-choreographed	Mid-tone, vivid, red accent · marquee	Interdisplay, Inter Display	Cloudflare	
supademo.com	Support, feedback & onboarding	Supademo: AI Interactive Product Demos	Next.js	Sanity	Headless UI, Tailwind, Registry motion classes	Lottie	Swiper	JS motion	Light, muted, blue accent · span grid · marquee · canvas	Inter, degularFont	Vercel	
tawk.to	Support, feedback & onboarding	tawk.to - Free Live Chat Software for Your Website	Next.js		Tailwind	Motion (Framer Motion)	lucide icons	JS motion	Light, muted, green accent · marquee · canvas	Inter, Noto Sans Arabic	Cloudflare	
usepylon.com	Support, feedback & onboarding	Pylon: Agentic B2B Support		Webflow		GSAP, GSAP ScrollTrigger, Lottie		Scroll-choreographed	Mid-tone, vivid, violet accent	Die Grotesk A, Die Grotesk B	Cloudflare	
userpilot.com	Support, feedback & onboarding	Product Growth Platform   Userpilot		WordPress			Swiper	Static/CSS	Light, muted, blue accent · marquee · video	Garnett, Eudoxus Sans	Cloudflare	
uvdesk.com	Support, feedback & onboarding	Open Source Helpdesk System for eCommerce, Marketplaces & M…		WordPress	Bootstrap			Static/CSS	Light, orange accent · serif display · video	Source Sans Pro, PT Serif	Cloudflare	
vidyard.com	Support, feedback & onboarding	Vidyard - Video Tools for Virtual Sales and Marketing Teams	Alpine.js	WordPress	Flowbite, Tailwind		Font Awesome	Static/CSS	Light, muted, teal accent · marquee	Manrope, Libre Caslon Condensed	Cloudflare	4.1.16
vimeo.com	Support, feedback & onboarding	Vimeo - All-in-One Video Platform	Next.js	Builder.io	Radix, Tailwind, styled-components, Emotion	Lottie	Lexical	JS motion	Mid-tone, teal accent · span grid · marquee · video	ABCRepro, InterTight	Cloudflare	
walkme.com	Support, feedback & onboarding	WalkMe - Digital Adoption Platform   AI That Delivers Real …		WordPress	Bootstrap	GSAP, GSAP ScrollTrigger, Rive	Swiper	Scroll-choreographed	Dark, vivid, blue accent · marquee · video	Poppins, MazzardH	nginx	
whatfix.com	Support, feedback & onboarding	Whatfix   AI-Powered Digital Adoption Platform		WordPress		Lottie	Swiper, Font Awesome	JS motion	Light, muted	Font Awesome 5 Free, Font Awesome 5 Brands	Cloudflare	
wistia.com	Support, feedback & onboarding	Wistia - Your Team’s Video HQ	Next.js, Remix/React Router	Contentful	Base UI, styled-components	CSS scroll-driven	Sonner	Scroll-choreographed	Mid-tone, vivid, blue accent · serif display	Instrument Serif, inter	AWS CloudFront	
zammad.com	Support, feedback & onboarding	AI-Powered Service Platform for All Support Needs   Zammad						Static/CSS	Dark, orange accent · marquee · video	Clash Display, Inter	apache	
zendesk.com	Support, feedback & onboarding	AI-Powered Customer Service Platform   Zendesk	Next.js		styled-components	Rive, CSS scroll-driven		Scroll-choreographed	Mid-tone, vivid, orange accent · canvas	Vanilla Sans, Noto Sans JP	Cloudflare	
ahrefs.com	Marketing, email & creator tools	Ahrefs—AI Marketing Platform Powered by Big Data			Emotion		Recharts	Static/CSS	Mid-tone, vivid, blue accent · marquee · video	Inter, Ahrefs	Cloudflare	
beefree.io	Marketing, email & creator tools	The Email Builder Behind RGE Studio & 1,100+ Apps   Beefree		Webflow		GSAP, GSAP ScrollTrigger	Splide	Scroll-choreographed	Light, violet accent · marquee	Inter, Urbanist	AWS CloudFront	
beehiiv.com	Marketing, email & creator tools	Newsletter Platform: Create Newsletters and Websites - beeh…	Next.js		Headless UI, Tailwind	GSAP, GSAP ScrollTrigger, Lottie, react-spring	Tiptap/ProseMirror	Scroll-choreographed	Dark, blue accent · span grid · marquee	SatoshiFont, ClashGroteskFont	Vercel	
bentonow.com	Marketing, email & creator tools	Bento: Email Marketing and Deliverability	Next.js		shadcn/ui (likely), Base UI, Headless UI, Tailwind	Paper Shaders, Motion (Framer Motion)		3D/WebGL	Dark, muted, blue accent · span grid	Roobert, Inter	Vercel	3.4.19
braze.com	Marketing, email & creator tools	Braze Customer Engagement Platform	Next.js	Sanity	Tailwind, Registry motion classes	Motion (Framer Motion), CSS scroll-driven		Scroll-choreographed	Light, vivid, orange accent · span grid · marquee	aribauGrotesk	Vercel	
buffer.com	Marketing, email & creator tools	Buffer: Social media management for everyone	Next.js		Radix	Motion (Framer Motion)	Vaul, lucide icons	JS motion	Light, muted · mono accents · marquee	Inter, Figtree	Cloudflare	
buttondown.com	Marketing, email & creator tools	Buttondown — Newsletter software for people like you	Next.js		Radix, Tailwind, Registry motion classes			JS motion	Light + dark (follows OS), blue accent · marquee	Auto Pro, Hex Franklin	Vercel	
carrd.co	Marketing, email & creator tools	Carrd - Simple, free, fully responsive one-page sites for p…						Static/CSS	Mid-tone, vivid, blue accent		Cloudflare	
circle.so	Marketing, email & creator tools	Circle   A new era for digital businesses	Next.js	Builder.io	Headless UI, Tailwind, Emotion	GSAP, GSAP ScrollTrigger, Motion (Framer Motion)	Recharts, Swiper, Embla Carousel	Scroll-choreographed	Dark, vivid, blue accent · video	Inter, libreCaslonFont	Vercel	
clearscope.io	Marketing, email & creator tools	Clearscope   Get Discovered on Google & AI Search		Sanity	Tailwind	View Transitions API	Tiptap/ProseMirror	JS motion	Light, muted	GT-Pressura-Mono, century-old-style-std	heroku	4.3.3
courier.com	Marketing, email & creator tools	Courier   Customer messaging platform for humans & AI agents		Framer (site builder)				Static/CSS	Dark, muted · mono accents	Inter, Geist Mono	Vercel	
customer.io	Marketing, email & creator tools	Customer.io: Customer Engagement Platform For Better Outcom…	Next.js	Sanity	shadcn/ui (likely), Radix, Tailwind, Registry motion classes	Motion (Framer Motion), Lottie	cmdk	JS motion	Light, muted · span grid · marquee	saansFont	Vercel	4.2.1
discourse.org	Marketing, email & creator tools	Discourse   One platform. Any community.				GSAP, GSAP ScrollTrigger	Font Awesome	Scroll-choreographed	Mid-tone, vivid, violet accent · serif display · mono accents	Crimson Text, Inter	AWS CloudFront	
emailoctopus.com	Marketing, email & creator tools	Email marketing made easy   EmailOctopus	Next.js		Radix, Tailwind, Emotion	Motion (Framer Motion)	Lexical, Swiper	JS motion	Light, violet accent · span grid	Montserrat, nohemi	Vercel	3.4.19
fillout.com	Marketing, email & creator tools	Fillout   Forms that do it all	Next.js		shadcn/ui (likely), Radix, Headless UI, Tailwind, styled-components, Registry motion classes	Motion (Framer Motion)	cmdk	JS motion	Light, vivid, blue accent · marquee	blMelody, inter	Vercel	4.1.18
firstpromoter.com	Marketing, email & creator tools	FirstPromoter - All-in-One SaaS Affiliate Software		Framer (site builder), WordPress	Tailwind, Emotion			Static/CSS	Dark, blue accent · marquee · canvas	Inter	Cloudflare	
formbricks.com	Marketing, email & creator tools	The Open Source Experience Data Hub	Next.js		shadcn/ui (likely), Headless UI, Tailwind		lucide icons	Static/CSS	Light, muted · span grid · marquee	Jost, Caveat	Cloudflare	3.4.19
ghost.org	Marketing, email & creator tools	Ghost: The best open source blog & newsletter platform	Alpine.js	Ghost	Tailwind			Static/CSS	Light, muted · span grid · video	inter, interdisplay	Netlify	3.4.19
gumroad.com	Marketing, email & creator tools	Earn your first dollar online with Gumroad			Tailwind	Lottie, CSS scroll-driven	Tiptap/ProseMirror	Scroll-choreographed	Light + dark (follows OS) · marquee	ABC Favorit	Cloudflare	4.1.14
heyform.net	Marketing, email & creator tools	HeyForm: Open source form builder, built for small business…	Next.js		Radix, Headless UI, Tailwind, styled-components		cmdk	Static/CSS	Light · serif display	Inter, Libre Baskerville	Cloudflare	
hootsuite.com	Marketing, email & creator tools	Social Media Marketing and Management Tool   Hootsuite	Next.js	WordPress, Contentful	MUI, styled-components			Static/CSS	Light, muted, blue accent · mono accents	Montserrat, Intel One Mono	Vercel	
hypefury.com	Marketing, email & creator tools	Hypefury - Social media scheduling & automation for creators		WordPress			Swiper, Font Awesome	Static/CSS	Light, blue accent	Open Sans	litespeed	
instapage.com	Marketing, email & creator tools	Best Landing Page Builder & Software - Create High-Converti…						Static/CSS	Light · video	Graphik	Cloudflare	
iterable.com	Marketing, email & creator tools	AI Customer Engagement Platform for Real-Time, Personalized…	React	WordPress			Swiper	Static/CSS	Mid-tone, vivid, teal accent · serif display	Icona Serif, swiper-icons	Fastly	
jotform.com	Marketing, email & creator tools	Jotform: Free Online Form Builder   Create Forms in Seconds		WordPress	styled-components	GSAP, GSAP ScrollTrigger	Swiper, Splide	Scroll-choreographed	Light, orange accent			
kajabi.com	Marketing, email & creator tools	Turn What You Know Into What You’re Known For   Kajabi		Webflow		GSAP, GSAP ScrollTrigger, Lenis	Swiper	Scroll-choreographed	Light, muted, red accent · mono accents · marquee	Haffer, Instrument	Cloudflare	
klaviyo.com	Marketing, email & creator tools	Klaviyo: AI Email Marketing & SMS   B2C CRM	Astro	Sanity		View Transitions API		JS motion	Light, red accent · mono accents · marquee	Reckless Neue, Instrument Sans	Netlify	
knock.app	Marketing, email & creator tools	Knock   Customer engagement infrastructure	Next.js		Headless UI, Tailwind	Motion (Framer Motion)	lucide icons	JS motion	Light, muted · span grid · canvas	Inter, Inconsolata	Vercel	
later.com	Marketing, email & creator tools	Later: Influencer Marketing and Social Media Management	Gatsby	Contentful	Tailwind	Lenis		Scroll-choreographed	Light, violet accent · marquee · video	Super X sans Display, Saans	Netlify	
leadpages.com	Marketing, email & creator tools	AI Landing Page Builder with A/B Testing & Heatmaps   Leadp…	Next.js		shadcn/ui (likely), Radix, Tailwind		Sonner, lucide icons	Static/CSS	Dark, muted, green accent · span grid · marquee · canvas	Inter, Roc Grotesk	Cloudflare	
linktr.ee	Marketing, email & creator tools	Link in bio tool: Everything you are, in one simple link   …	Next.js		shadcn/ui (likely), Tailwind, Registry motion classes	Lottie	Embla Carousel	JS motion	Light, vivid, red accent · mono accents · marquee · video	DM Mono, Anybody Variablefont Wdth Wght	Fastly	
listmonk.app	Marketing, email & creator tools	listmonk - Free and open source self-hosted newsletter, mai…						Static/CSS	Light, muted, blue accent	Inter	GitHub Pages	
loops.so	Marketing, email & creator tools	Loops   Email Platform for SaaS: Marketing & Transactional		Framer (site builder)			lucide icons	Static/CSS	Light + dark (follows OS), muted · serif display · mono accents	Inter, Inter Display	Cloudflare	
mailchimp.com	Marketing, email & creator tools	Email & SMS Marketing Platform   Mailchimp				Lottie		JS motion	Light, muted, yellow accent · marquee	Graphik, Means	istio-envoy	
mailerlite.com	Marketing, email & creator tools	Create Email Marketing Your Audience Will Love - MailerLite	Alpine.js, Vue		Tailwind		Mapbox/MapLibre/Leaflet	Static/CSS	Light, muted, green accent · span grid · marquee	Inter	Cloudflare	
mailgun.com	Marketing, email & creator tools	Transactional Email API Service For Developers - Transactio…		WordPress	Bootstrap, Tailwind			Static/CSS	Mid-tone, muted, blue accent · marquee	Host Grotesk	Cloudflare	
maizzle.com	Marketing, email & creator tools	Maizzle &#x2F; The modern email development framework	Nuxt		shadcn/ui (likely), Radix, Tailwind	GSAP, GSAP ScrollTrigger	lucide icons	Scroll-choreographed	Light + dark (follows OS), muted · span grid · marquee · canvas	Geist, Geist Fallback: BlinkMacSystemFont	Cloudflare	
metricool.com	Marketing, email & creator tools	METRICOOL ▷ Social Media Management Tool		WordPress	Bootstrap		Swiper, Splide	Static/CSS	Light, yellow accent		Cloudflare	
mightynetworks.com	Marketing, email & creator tools	Mighty Networks   Community Platform, Courses & Memberships	Gatsby	Contentful	styled-components			Static/CSS	Light, red accent · video	InterTight, Inter	Netlify	
mixpost.app	Marketing, email & creator tools	Mixpost — Open Source, Self-Hosted Social Media Management	Laravel, Livewire, Alpine.js		Tailwind			Static/CSS	Light, pink accent · span grid	Onest	nginx	
moz.com	Marketing, email & creator tools	Moz - SEO Software for Smarter Marketing	Vue		Bootstrap		Highcharts	Static/CSS	Mid-tone, vivid, blue accent	Kalam, Lato	Cloudflare	
novu.co	Marketing, email & creator tools	Novu - Connect your AI agents and products to customers	Next.js		shadcn/ui (likely), Radix, Tailwind	Motion (Framer Motion)	Vaul, lucide icons	JS motion	Dark, violet accent · span grid · video	Inter, brother-1816-fallback	Vercel	
onesignal.com	Marketing, email & creator tools	Customer Engagement Platform for Email, Push… - OneSignal			Bootstrap	Lottie	Swiper	JS motion	Dark, vivid, blue accent · marquee	Epilogue, swiper-icons	Cloudflare	
paperform.co	Marketing, email & creator tools	Free Online Form Builder & Form Creator for SMBs in 2026   …	Astro		Tailwind			Static/CSS	Light, vivid, orange accent · video	BR Sonoma, Dancing Script	AWS CloudFront	
partnerstack.com	Marketing, email & creator tools	Partner Ecosystem Platform   Rated #1   PartnerStack		Webflow		Lottie	Mapbox/MapLibre/Leaflet, Splide	JS motion	Light, blue accent · marquee · video	Ibmplexmono, webflow-icons	Cloudflare	
planable.io	Marketing, email & creator tools	Planable: collaboration-first social media management tool		WordPress		three.js, Lottie	Swiper, Font Awesome	3D/WebGL	Light, teal accent	Gilroy, FontAwesome	Cloudflare	
podia.com	Marketing, email & creator tools	Podia: Courses, Community & Everything in One Place — Podia	Next.js	Sanity	styled-components	Motion (Framer Motion)	Embla Carousel	JS motion	Light, orange accent	GT Standard	Netlify	
postiz.com	Marketing, email & creator tools	Postiz: The Agentic Social Media Scheduling Platform	Next.js	WordPress	Tailwind			Static/CSS	Dark, pink accent	DM Sans, Plus Jakarta Sans	Vercel	3.4.3
postmarkapp.com	Marketing, email & creator tools	Postmark: Fast, Reliable Email Delivery Service   SMTP   API			Tailwind			Static/CSS	Light, vivid, yellow accent	Elizeth, Rund Text	Cloudflare	4.2.2
producthunt.com	Marketing, email & creator tools	Product Hunt – The best new products in tech.	Next.js		Base UI, Tailwind		Tiptap/ProseMirror, cmdk	Static/CSS	Light + dark (follows OS), muted · mono accents	Geist Vercel Day, DSEG7ClassicMini	Cloudflare	
publer.com	Marketing, email & creator tools	Powerful Social Media Management & Scheduling Tools   Publer		Framer (site builder)		Motion (Framer Motion)		JS motion	Light, teal accent	Inter, Inter Display	Cloudflare	
react.email	Marketing, email & creator tools	React Email	Next.js		Radix, Tailwind	Motion (Framer Motion)	Tiptap/ProseMirror, Lexical, Sonner, Vaul, lucide icons	JS motion	Dark, muted · span grid	commitMono, inter	Vercel	
resend.com	Marketing, email & creator tools	Resend · Email for developers	Next.js		Base UI, Tailwind	Spline, Motion (Framer Motion), CSS scroll-driven	Recharts, Tiptap/ProseMirror, cmdk, Sonner	3D/WebGL	Dark, muted · marquee · video	domaine, aBCFavorit	Vercel	
rewardful.com	Marketing, email & creator tools	Rewardful - Affiliate Software for SaaS		Webflow				Static/CSS	Light, blue accent · marquee · video	webflow-icons	Cloudflare	
semrush.com	Marketing, email & creator tools	Semrush: Your Unfair Advantage for Growing Brand Visibility	Svelte				Swiper	Static/CSS	Light, green accent · marquee · video	Lazzer, Factor A	nginx	
sendgrid.com	Marketing, email & creator tools	SendGrid Email API and Email Marketing Campaigns   Twilio				Lottie	Swiper	JS motion	Mid-tone, blue accent · mono accents	Whitney SSm, Twilio Sans Mono	AWS CloudFront	
sendy.co	Marketing, email & creator tools	Sendy - Send Newsletters 100x cheaper via Amazon SES			Bootstrap			Static/CSS	Light, muted · video	Manrope	apache/2.4.6 (centos) openssl/	
senja.io	Marketing, email & creator tools	Senja - Collect, Manage and Share Testimonials	Astro, Svelte	Framer (site builder)	Tailwind	CSS scroll-driven		Scroll-choreographed	Light, vivid, orange accent · span grid	Bricolage Grotesque	Cloudflare	4.3.3
similarweb.com	Marketing, email & creator tools	Similarweb: AI-Powered Digital Data Intelligence Solutions		WordPress			Swiper	Static/CSS	Light, muted · video	Roboto	AWS CloudFront	
skool.com	Marketing, email & creator tools	Skool: Discover Communities or Create Your Own	Next.js		styled-components		Recharts, Mapbox/MapLibre/Leaflet, Tiptap/ProseMirror	Static/CSS	Light, muted	Roboto, IBM Plex Sans	AWS CloudFront	
sproutsocial.com	Marketing, email & creator tools	Sprout Social: Social Media Management Tool	Next.js		Radix		Font Awesome	Static/CSS	Mid-tone, orange accent · span grid · marquee	proxima-nova	AWS CloudFront	
stan.store	Marketing, email & creator tools	Stan - Your Creator Store	Vue		Bootstrap			Static/CSS	Mid-tone, vivid, blue accent	Grobek, Inter	AWS CloudFront	
substack.com	Marketing, email & creator tools	Substack	Remix/React Router		Radix, Tailwind	View Transitions API	Tiptap/ProseMirror, lucide icons	JS motion	Light + dark (follows OS), teal accent · marquee	Spectral, Cahuenga	Cloudflare	
surferseo.com	Marketing, email & creator tools	Positive Surfer - AI Visibility Platform for maximum organi…		Webflow	Emotion	GSAP, GSAP ScrollTrigger, Rive	Swiper	Scroll-choreographed	Dark, muted, violet accent · marquee · video · canvas	Inter, webflow-icons	Cloudflare	
tally.so	Marketing, email & creator tools	Tally - Create Beautiful Forms for Free   Unlimited Forms &…	Next.js		Base UI, styled-components, Emotion		lucide icons	Static/CSS	Light, muted, blue accent · video	Inter	Cloudflare	
taplio.com	Marketing, email & creator tools	Taplio   AI tool to grow on LinkedIn in 10 min/day		Webflow		GSAP, GSAP ScrollTrigger		Scroll-choreographed	Light, blue accent · marquee	Switzer, webflow-icons	Cloudflare	
teachable.com	Marketing, email & creator tools	Teachable — Build & Sell Online Courses, Coaching, Membersh…		Webflow		GSAP, GSAP ScrollTrigger	Swiper	Scroll-choreographed	Light, yellow accent · marquee	Ivyprestoheadline, webflow-icons	Cloudflare	
testimonial.to	Marketing, email & creator tools	Testimonial — Capture, measure & showcase customer love	React	Builder.io	Headless UI, Tailwind, Emotion			Static/CSS	Light + dark (follows OS), muted, blue accent · span grid · marquee		Fastly	
typeform.com	Marketing, email & creator tools	Form Builder with AI Automation   Typeform		Webflow		GSAP, GSAP ScrollTrigger, Rive, Lottie	Swiper	Scroll-choreographed	Mid-tone, muted · marquee · video	Apercupro, Tobias	AWS CloudFront	
typefully.com	Marketing, email & creator tools	Typefully: Best social media tool for creators & businesses	Next.js		Radix, Tailwind, Registry motion classes	CSS scroll-driven	Tiptap/ProseMirror, lucide icons	Scroll-choreographed	Light + dark (follows OS), muted · span grid	GT America, inter-arrows-subset	Vercel	
unbounce.com	Marketing, email & creator tools	The Best Landing Page Builder and CRO platform   Unbounce		WordPress	Bootstrap		Splide	Static/CSS	Light, muted, blue accent	Figtree, League Spartan	Kinsta	
unlayer.com	Marketing, email & creator tools	Build content creation into your app   Unlayer	Next.js		shadcn/ui (likely), Radix, Tailwind		lucide icons	Static/CSS	Dark, red accent · mono accents · marquee	Inter, JetBrains Mono	Vercel	3.4.18
useplunk.com	Marketing, email & creator tools	Plunk — Open-Source Transactional Email Platform	Next.js		shadcn/ui (likely), Tailwind	Motion (Framer Motion)	cmdk, Sonner, lucide icons	JS motion	Light, muted · mono accents · span grid	JetBrains Mono, Funnel Display	nginx/1.28.3	
amplitude.com	Product analytics & experimentation	Amplitude   A new era for product teams	Next.js	Sanity	Headless UI, Tailwind	Motion (Framer Motion), Lottie	Swiper	JS motion	Light, muted · serif display · mono accents · marquee · canvas	IBM Plex Serif, IBM Plex Sans	Vercel	
baremetrics.com	Product analytics & experimentation	Baremetrics: Subscription Analytics for your Business	React	WordPress, HubSpot CMS	styled-components	Motion (Framer Motion), Lottie	Embla Carousel, Font Awesome	JS motion	Light, muted, blue accent	Oswald, Roboto	Cloudflare	
bitly.com	Product analytics & experimentation	Bitly   Short URLs, QR Codes, and More	Vue	WordPress	Emotion			Static/CSS	Mid-tone, blue accent		nginx	
chartmogul.com	Product analytics & experimentation	ChartMogul   The AI-native stack for subscription intellige…						Static/CSS	Light, muted · mono accents	Inter, Noto Sans Mono	AWS CloudFront	
contentsquare.com	Product analytics & experimentation	Contentsquare: all-in-one experience intelligence platform	Next.js	WordPress, Contentful	Bootstrap, Tailwind, styled-components	Motion (Framer Motion), Rive	Swiper	JS motion	Mid-tone, vivid, pink accent · span grid · marquee	NewEdgeRounded, Inter	Vercel	3.4.14
databox.com	Product analytics & experimentation	Agentic Analytics Platform for Agencies and Teams   Databox		WordPress	shadcn/ui (likely), Tailwind, Registry motion classes			JS motion	Light, muted · serif display · mono accents · marquee	Geist, IBM Plex Serif	nginx	4.3.2
datafa.st	Product analytics & experimentation	DataFast   Find out which marketing channels drive your rev…	Next.js		Headless UI, Tailwind, Registry motion classes		Recharts, lucide icons	JS motion	Light + dark (follows OS), muted, red accent		Vercel	3.4.12
domo.com	Product analytics & experimentation	Governed Data for AI Agents   Domo	Vue	Webflow		GSAP	Swiper, Splide	JS motion	Light, muted · video	webflow-icons, Robotomono Variablefont Wght	AWS CloudFront	
dub.co	Product analytics & experimentation	Dub - The Modern Link Attribution Platform	Next.js		shadcn/ui (likely), Radix, Tailwind	Motion (Framer Motion), Lottie, CSS scroll-driven	Tiptap/ProseMirror, cmdk, Sonner, Vaul, lucide icons	Scroll-choreographed	Light, muted · span grid · marquee	Inter, satoshi	Vercel	3.4.4
flagsmith.com	Product analytics & experimentation	Flagsmith - Open Source Feature Flag Service		Webflow			Swiper	Static/CSS	Mid-tone, vivid, blue accent	OpenSans, Bitter Pro	Cloudflare	
fullstory.com	Product analytics & experimentation	Fullstory   The Intelligent Digital Experience Company	Gatsby	Contentful				Static/CSS	Mid-tone, vivid, teal accent · video	neulis-neue, neulis-sans	Netlify	
geckoboard.com	Product analytics & experimentation	KPI Dashboard Software for Live Team Performance   Geckoboa…	Next.js				Font Awesome	Static/CSS	Dark, vivid, green accent	GalanoFont, Visuelt Pro	AWS CloudFront	
geteppo.com	Product analytics & experimentation	Eppo is now Datadog Experiments   Next-Gen Experimentation …		Webflow		Spline, GSAP, GSAP ScrollTrigger	Swiper, Splide	3D/WebGL	Light, vivid, green accent · marquee	Cofosans, Cofosansmono	Cloudflare	
growthbook.io	Product analytics & experimentation	GrowthBook   Experimentation, Feature Flags & Product Analy…		Webflow		GSAP, GSAP ScrollTrigger, Lenis, Lottie	Swiper, Phosphor icons	Scroll-choreographed	Light, violet accent · mono accents · marquee	Inter, webflow-icons	Cloudflare	
heap.io	Product analytics & experimentation	Heap - Better Insights. Faster.   Heap	Next.js	Contentful	Radix	react-spring	Recharts, Embla Carousel	JS motion	Light, muted, blue accent · video	Lettera Text, Circular Standard	Netlify	
hotjar.com	Product analytics & experimentation	Official Hotjar Site – Sign up for free	Next.js	WordPress, Contentful	Bootstrap, Tailwind, styled-components	Motion (Framer Motion), Rive	Swiper	JS motion	Light, muted, red accent · span grid · marquee	NewEdgeRounded, Inter	Vercel	3.4.14
humblytics.com	Product analytics & experimentation	Humblytics: Analytics, A/B Testing & Revenue Attribution	Next.js		shadcn/ui (likely), Radix, Tailwind, Registry motion classes	Motion (Framer Motion), react-spring	Recharts, lucide icons	JS motion	Light, muted, orange accent · span grid · marquee	Inter, Caveat	Render	
klipfolio.com	Product analytics & experimentation	Spreadsheet power with dashboard clarity   Klipfolio	Astro		Tailwind			Static/CSS	Light, blue accent · marquee	Figtree	Cloudflare	4.3.3
mixpanel.com	Product analytics & experimentation	Product Intelligence Platform for the AI Era   Mixpanel		Framer (site builder)		Motion (Framer Motion)		JS motion	Light, muted · mono accents · canvas	Inter, Garnett	nginx	
openpanel.dev	Product analytics & experimentation	OpenPanel Analytics   An open-source alternative to Mixpanel	Next.js		shadcn/ui (likely), Radix, Tailwind	Motion (Framer Motion), react-spring	Recharts, lucide icons	JS motion	Light + dark (follows OS), muted · mono accents · span grid · marquee	Geist, Geist Mono	Cloudflare	4.1.17
optimizely.com	Product analytics & experimentation	Optimizely - AI to create and optimize digital experiences	Next.js	WordPress	Radix, Tailwind	Motion (Framer Motion), Rive, Lottie	Recharts, Material Symbols	JS motion	Light, vivid, green accent · mono accents · span grid · video	Roboto Mono, Die Grotesk B	Vercel	
pirsch.io	Product analytics & experimentation	Pirsch – The Best, Privacy-Friendly Google Analytics Altern…						Static/CSS	Light + dark (follows OS), muted, green accent · mono accents · marquee	DM Sans, DM Mono		
plausible.io	Product analytics & experimentation	Plausible Analytics   Simple, privacy-friendly Google Analy…	Alpine.js		Tailwind			Static/CSS	Light, muted, blue accent		bunnycdn-tr1-942	
rudderstack.com	Product analytics & experimentation	RudderStack   The Agentic Customer Data Platform	Next.js	Sanity	Radix, Headless UI, Tailwind			Static/CSS	Dark, blue accent · span grid · marquee	Degular	Vercel	
segment.com	Product analytics & experimentation	Twilio Segment Customer Data Platform   Twilio				Lottie	Swiper	JS motion	Mid-tone, red accent · mono accents	Whitney SSm, Twilio Sans Mono	AWS CloudFront	
seline.so	Product analytics & experimentation	Seline Analytics: The simple & actionable Google Analytics …	Next.js		shadcn/ui (likely), Radix, Tailwind	Motion (Framer Motion)	lucide icons	JS motion	Light, muted, blue accent · span grid · video · canvas	Inter, roobert	Vercel	
short.io	Product analytics & experimentation	Short.io — URL shortener with custom domains & analytics	Astro, Alpine.js		Bootstrap	Lottie, View Transitions API		JS motion	Light + dark (follows OS), muted, green accent · video	Plus Jakarta Sans-1bd2da13eb602dc3	Cloudflare	
simpleanalytics.com	Product analytics & experimentation	Simple Analytics	Nuxt		Headless UI, Tailwind			Static/CSS	Light + dark (follows OS), muted, red accent · span grid	SpaceGrotesk		
snowplow.io	Product analytics & experimentation	Customer Context Layer   Snowplow		Webflow	MUI	Lottie	Chart.js, Swiper, Splide	JS motion	Mid-tone, vivid, violet accent · marquee	webflow-icons	Cloudflare	
statsig.com	Product analytics & experimentation	Statsig   The modern product development platform		Contentful				Static/CSS	Mid-tone, muted, blue accent · mono accents	Geist, Geist Mono		
tableau.com	Product analytics & experimentation	Business Intelligence and Analytics Software   Tableau		WordPress				Static/CSS	Light, muted · marquee · video	Salesforce Sans, Salesforce Icons		
thoughtspot.com	Product analytics & experimentation	ThoughtSpot Agentic Analytics Platform	Next.js		Tailwind	Motion (Framer Motion), Lottie	Lexical, Swiper, Splide	JS motion	Dark, violet accent · mono accents · span grid · marquee · canvas	Geist, Geist Mono	Vercel	3.4.17
tinylytics.app	Product analytics & experimentation	Tinylytics   Powerful, Privacy-Focused Analytics for Modern…	Alpine.js, Hotwire/Turbo		Tailwind	View Transitions API		JS motion	Light + dark (follows OS), blue accent · canvas		Cloudflare	3.4.19
umami.is	Product analytics & experimentation	Umami – Privacy-First Analytics Platform	Next.js		shadcn/ui (likely), Base UI, Tailwind			Static/CSS	Light, muted, blue accent · mono accents	Inter, JetBrains Mono	Vercel	
usefathom.com	Product analytics & experimentation	Fathom Analytics: Privacy-First Google Analytics Alternative	Astro				Font Awesome	Static/CSS	Light + dark (follows OS), muted	jb, Font Awesome 6 Pro	Vercel	
visitors.now	Product analytics & experimentation	Visitors - Privacy-friendly Google Analytics alternative	React	WordPress	shadcn/ui (likely), Base UI, Tailwind	Motion (Framer Motion), react-spring	Mapbox/MapLibre/Leaflet, Lexical, cmdk	JS motion	Light, muted · canvas	OpenRunde	Cloudflare	4.1.18
vwo.com	Product analytics & experimentation	Wingify   Digital Experience Optimization		WordPress	Emotion	GSAP, GSAP ScrollTrigger, Lottie		Scroll-choreographed	Light, vivid, yellow accent · marquee	Ergon, Lyon Display	Cloudflare	
adyen.com	Fintech, billing & payroll	Adyen: Fintech platform for enterprises - Adyen	Nuxt		Flowbite, Tailwind	three.js, React Three Fiber, GSAP, GSAP ScrollTrigger, Motion (Framer Motion)	Heroicons, Font Awesome, Material Symbols	3D/WebGL	Dark, green accent · span grid · marquee · video	AdyenTPJ, AdyenSC	Netlify	
airwallex.com	Fintech, billing & payroll	Airwallex Israel: Trusted Global Payments & Financial Platf…	Next.js	Contentful	Emotion	Lottie, react-spring	Highcharts, Swiper, Embla Carousel	JS motion	Light, muted, violet accent · mono accents	AxLLCircular, IBM Plex Mono	Cloudflare	
angellist.com	Fintech, billing & payroll	AngelList   The financial system for private markets	Next.js	Sanity	Radix, React Aria, Tailwind	three.js, Spline, Motion (Framer Motion), Rive, Lottie	Chart.js, Tiptap/ProseMirror, Splide	3D/WebGL	Mid-tone · span grid · video	Source Code Pro, KaTeX_Main	Vercel	
betterment.com	Fintech, billing & payroll	Betterment   Automated investing & Financial planning	Remix/React Router	HubSpot CMS		GSAP, Lottie	Embla Carousel, Font Awesome	JS motion	Mid-tone, vivid, blue accent · marquee	GT America, GT America Extended	Cloudflare	
bill.com	Fintech, billing & payroll	BILL   Financial Operations Platform for Businesses & Firms		Webflow		GSAP, GSAP ScrollTrigger, Lottie	Swiper	Scroll-choreographed	Light, muted, blue accent · marquee	webflow-icons, Soehne Buch	AWS CloudFront	
brex.com	Fintech, billing & payroll	Brex: The Modern Finance Software Platform   Spend Smarter	Next.js		Emotion		Mapbox/MapLibre/Leaflet, Lexical, Embla Carousel	Static/CSS	Light, muted · mono accents	Space Mono, inter	Vercel	
chargebee.com	Fintech, billing & payroll	Chargebee: Billing & Monetization for SaaS and AI Companies	Nuxt		Tailwind	View Transitions API	Splide	JS motion	Light, red accent · span grid · marquee · video	Inter, Sora	AWS CloudFront	
checkout.com	Fintech, billing & payroll	Payment services to power your performance   Checkout.com		Webflow		GSAP, Lottie	Swiper, Splide	JS motion	Dark, muted, blue accent · marquee · video	Graphik LC, Checkout Apercu SemiMono	Cloudflare	
column.com	Fintech, billing & payroll	Column   The platform bank built for scale	Gatsby	Contentful	Radix, Tailwind, styled-components			Static/CSS	Light, blue accent · span grid · canvas	SuisseIntl, Inter	AWS CloudFront	
copilot.money	Fintech, billing & payroll	Your money, beautifully organized   Copilot Money – Persona…		Framer (site builder)		Motion (Framer Motion)		JS motion	Dark, vivid, blue accent	Inter, Jokker	Framer	
creem.io	Fintech, billing & payroll	Build with AI. Sell with Creem.	Next.js		shadcn/ui (likely), Radix, Base UI, daisyUI, Tailwind	Motion (Framer Motion)	Recharts, lucide icons	JS motion	Light, vivid · span grid	GeistSans, gasoekOne	Vercel	4.3.2
deel.com	Fintech, billing & payroll	Deel   Global Payroll, Compliance, HR Solutions   HRIS	Next.js		MUI, Tailwind, Emotion	Lottie	Swiper	JS motion	Mid-tone, violet accent	Inter, BagossExtendedFont	Cloudflare	4.3.3
digits.com	Fintech, billing & payroll	Digits - AI-Native Accounting Software	Astro			GSAP ScrollTrigger, Lottie, View Transitions API		Scroll-choreographed	Light, vivid, teal accent · video · canvas	StabilGrotesk-d33720c71812d09e		
dodopayments.com	Fintech, billing & payroll	Billing & Payments Platform for AI-First Companies   Dodo P…	Astro		Tailwind	GSAP ScrollTrigger, View Transitions API	Recharts	Scroll-choreographed	Light, muted, green accent · canvas	Migra, ApfelGrotezk	Cloudflare	4.2.1
freshbooks.com	Fintech, billing & payroll	Invoice and Accounting Software for Small Businesses - Fres…	Next.js		shadcn/ui (likely), Radix, Headless UI, Tailwind, Emotion, Registry motion classes	Motion (Framer Motion), Lottie	Swiper	JS motion	Mid-tone, teal accent · span grid · marquee	ibm, founders	nginx	3.4.19
getlago.com	Fintech, billing & payroll	Lago   Open-Source Billing Infrastructure	Next.js		shadcn/ui (likely), Radix, Tailwind		lucide icons	Static/CSS	Light, blue accent · mono accents · span grid	IBM Plex Mono, gtAmerica	AWS CloudFront	
increase.com	Fintech, billing & payroll	Banking for ambitious technology companies — Increase	Astro		Tailwind	View Transitions API		JS motion	Light, vivid, teal accent · mono accents · span grid · marquee	Input Mono-4c4a0ba0f7fa02b9, TT Interphases Pro-c98a05336328a01f	nginx	
kraken.com	Fintech, billing & payroll	Kraken   Own the Power of Your Money — Crypto, Stocks & more	React	Sanity	React Aria, Tailwind		Recharts	Static/CSS	Light, muted, blue accent · mono accents	Kraken Plex Mono, IBM Plex Sans	Cloudflare	
lemonsqueezy.com	Fintech, billing & payroll	Payments, tax & subscriptions for software companies • Lemo…		Webflow				Static/CSS	Mid-tone, vivid, violet accent · marquee	Inter, webflow-icons	Cloudflare	
lithic.com	Fintech, billing & payroll	Programmable Card Issuing and Money Movement   Lithic		Webflow		GSAP, GSAP ScrollTrigger	Swiper	Scroll-choreographed	Dark, muted · marquee	ABC Monument Grotesk, webflow-icons	Cloudflare	
marqeta.com	Fintech, billing & payroll	Marqeta   Modern Card Issuing & Payment Solutions	Next.js	Contentful	shadcn/ui (likely), Radix, MUI, Tailwind	GSAP, GSAP ScrollTrigger, Lottie	Swiper, lucide icons	Scroll-choreographed	Light, orange accent · canvas	swiper-icons	Netlify	3.4.17
maxio.com	Fintech, billing & payroll	Billing and Financial Reporting for B2B SaaS & AI   Maxio		WordPress	Tailwind		Splide	Static/CSS	Light, blue accent · span grid · video	Founders Grotesk, Die Grotesk B	Cloudflare	3.4.0
mercury.com	Fintech, billing & payroll	Online Business Banking For Startups, Small Businesses & Sc…	Next.js	DatoCMS	Radix, Tailwind	Motion (Framer Motion), CSS scroll-driven		Scroll-choreographed	Mid-tone, blue accent · span grid · video	tiemposHeadline, arcadia	Vercel	4.1.14
metronome.com	Fintech, billing & payroll	Metronome   Usage-Based Billing Platform		Webflow		GSAP, GSAP ScrollTrigger, Lottie	Swiper	Scroll-choreographed	Light, green accent · video	Saans, webflow-icons	AWS CloudFront	
midday.ai	Fintech, billing & payroll	Midday — The business stack for modern founders	Next.js		shadcn/ui (likely), Tailwind, Registry motion classes	Motion (Framer Motion)	Recharts, cmdk	JS motion	Light + dark (follows OS), muted · serif display · span grid · marquee · video	Hedvig Letters Sans, Hedvig Letters Serif	Vercel	
moderntreasury.com	Fintech, billing & payroll	Modern Treasury - Build Products That Move Money	Next.js	Sanity	Base UI, Tailwind, Registry motion classes	Motion (Framer Motion)		JS motion	Light, muted · span grid · marquee	mt-sans, mt-display	Vercel	
monarchmoney.com	Fintech, billing & payroll	Track, Budget, Plan and Manage Money in One Place   Monarch	Next.js	Sanity	Radix, Tailwind, styled-components	Motion (Framer Motion)	lucide icons	JS motion	Light, vivid, orange accent · mono accents · span grid · video	ABC Oracle, Copernicus	Vercel	
monzo.com	Fintech, billing & payroll	Monzo   Open a Free Account	Next.js	Contentful, Storyblok	Radix, Bootstrap	Lottie, react-spring, Matter.js, CSS scroll-driven	Mapbox/MapLibre/Leaflet, Swiper	Scroll-choreographed	Mid-tone, red accent · mono accents · video	MonzoSansDisplay, MonzoSansText	AWS CloudFront	
n26.com	Fintech, billing & payroll	Love your bank   Spend, save, and invest in one app	Remix/React Router	Contentful	Radix, Tailwind, Registry motion classes			JS motion	Mid-tone, vivid, teal accent · span grid	N26, N26-Extended	AWS CloudFront	
navan.com	Fintech, billing & payroll	Navan: The #1 Corporate Travel Management Platform	Next.js	Contentful	Tailwind	Lottie	Swiper	JS motion	Light, violet accent · span grid · marquee · video	Inter, Sanomat	Cloudflare	3.4.19
novo.co	Fintech, billing & payroll	Novo: Free Business Bank Account for Small Businesses   Novo	Next.js	Sanity		GSAP, GSAP ScrollTrigger, Lenis, Motion (Framer Motion), View Transitions API		Scroll-choreographed	Light, muted · marquee	Founders Grotesk, Monument	Vercel	
oysterhr.com	Fintech, billing & payroll	Oyster HR   Global Payroll & HR Software   Hire in +180 Cou…		Webflow	Tailwind	GSAP, GSAP ScrollTrigger, Lenis, Lottie	cmdk, Swiper, Splide, lucide icons	Scroll-choreographed	Mid-tone, green accent · marquee	webflow-icons, Bricolage Grotesque	Cloudflare	4.2.2
paddle.com	Fintech, billing & payroll	Paddle - Subscriptions, Payments & Tax Compliance for SaaS …	Next.js	Prismic			Embla Carousel	Static/CSS	Light, muted · marquee	serrifCondensed, Inter	Netlify	
papayaglobal.com	Fintech, billing & payroll	Global Payments & Contingent Workforce For Enterprises   Pa…	React	WordPress	Tailwind	three.js, Lottie	Embla Carousel	3D/WebGL	Light, muted · video	suisse, Suisse Intl	AWS CloudFront	
payoneer.com	Fintech, billing & payroll	All-in-One Global Payment Platform for Businesses   Payoneer		WordPress	Bootstrap	Lottie		JS motion	Light, muted · canvas	Payo Fallback Font, Payo Fallback Demi Font	AWS CloudFront	
phantom.com	Fintech, billing & payroll	Phantom: Your home for trading crypto, predictions, and more	Remix/React Router			Motion (Framer Motion), Rive, Lottie	Recharts	JS motion	Mid-tone, muted · video · canvas	Phantom, _3odf500	Cloudflare	
pilot.com	Fintech, billing & payroll	Pilot: Bookkeeping & Accounting Services for Startups & Sma…		Webflow		GSAP	Swiper, Splide	JS motion	Mid-tone, vivid, violet accent	Euclid Circular B, Euclid	Cloudflare	
plaid.com	Fintech, billing & payroll	Plaid: Enabling all companies to build fintech solutions	Next.js	Contentful	MUI, Emotion	Lottie, react-spring	Highcharts	JS motion	Mid-tone, vivid, blue accent · canvas	Bowery Lane, Cern	AWS CloudFront	
polar.sh	Fintech, billing & payroll	Polar — A billing platform for the intelligence era   Polar	Next.js		shadcn/ui (likely), Radix, MUI, StyleX, Tailwind, Emotion	Motion (Framer Motion)	Recharts, cmdk, lucide icons	JS motion	Dark, muted · marquee · canvas	Inter, InterDisplay	Vercel	
public.com	Fintech, billing & payroll	Stocks, Bonds, Crypto & Options AI Investing App - Public.c…		WordPress		Lottie	Swiper	JS motion	Light, muted · video	Inter, Invest Pro	AWS CloudFront	
pulley.com	Fintech, billing & payroll	Pulley   Cap table management for founders and finance lead…		Webflow		Lottie		JS motion	Mid-tone, orange accent · mono accents	Nekst, DM Mono	Cloudflare	
puzzle.io	Fintech, billing & payroll	Puzzle AI Native Accounting Software & Startup Accounting S…		Webflow		GSAP, GSAP ScrollTrigger	Swiper	Scroll-choreographed	Light, muted · mono accents · marquee · video	Generalsans Webfont, Haskoy	Fastly	
rainbow.me	Fintech, billing & payroll	Rainbow   Trade Any Market from Your Phone				CSS scroll-driven		Scroll-choreographed	Dark, muted · canvas	SF Rounded	Cloudflare	
ramp.com	Fintech, billing & payroll							Static/CSS	Light + dark (follows OS), muted		Vercel	
recurly.com	Fintech, billing & payroll	Subscription Management Software & Recurring Billing Platfo…	Next.js	Contentful	Tailwind		Swiper	Static/CSS	Mid-tone, vivid, yellow accent · span grid · video	Figtree	google frontend	
relayfi.com	Fintech, billing & payroll	Relay   Online Business Banking   On The Money, All The Time	Next.js	Contentful	Bootstrap, Tailwind	GSAP ScrollTrigger, Motion (Framer Motion)	Swiper	Scroll-choreographed	Light, green accent	Tobias, Copernicus	AWS CloudFront	
remote.com	Fintech, billing & payroll	Global Employment Infrastructure   EOR, Payroll & Complianc…	Next.js		Base UI		Embla Carousel	Static/CSS	Mid-tone, muted, blue accent	Inter, bossa	Cloudflare	
revenuecat.com	Fintech, billing & payroll	Build and Grow Your App Business   RevenueCat	Next.js	Sanity	shadcn/ui (likely), Radix, Tailwind, styled-components	Motion (Framer Motion), Rive		JS motion	Light, muted, blue accent · mono accents · marquee · canvas	IBM Plex Mono, objectSans	Vercel	
rho.co	Fintech, billing & payroll	Business Banking and Corporate Cards for Startups and Scale…	Next.js	Storyblok		GSAP ScrollTrigger, Motion (Framer Motion)	Swiper, Embla Carousel	Scroll-choreographed	Dark, muted, teal accent · mono accents · marquee · video · canvas	neueMontreal, basier	Vercel	
rippling.com	Fintech, billing & payroll	Rippling: #1 Workforce Management System   HR, IT, Finance	Next.js	WordPress, Contentful	Tailwind	GSAP, GSAP ScrollTrigger, Lottie	Recharts, Embla Carousel	Scroll-choreographed	Mid-tone, vivid, pink accent · span grid · marquee		Vercel	
robinhood.com	Fintech, billing & payroll	Robinhood: 24/5 Commission-Free Stock Trading & Investing	Next.js	Contentful	styled-components, Emotion	three.js, Spline, Lottie		3D/WebGL	Dark, vivid, green accent · video	Capsule Sans Text, Nib Pro Display	AWS CloudFront	
rocketmoney.com	Fintech, billing & payroll	Subscription Manager and Custom Budgeting App   Rocket Money		Framer (site builder)	styled-components			Static/CSS	Light, muted, red accent	Inter, Inter Display	AWS CloudFront	
squareup.com	Fintech, billing & payroll	Power your entire business   Square	SvelteKit, Svelte	Contentful		Rive		JS motion	Dark, blue accent · mono accents · marquee · video · canvas	Square Sans Text, Square Sans Display	Cloudflare	
stigg.io	Fintech, billing & payroll	Stigg - The Usage Runtime for AI Products		Webflow	Tailwind	three.js, GSAP, GSAP ScrollTrigger		3D/WebGL	Dark, muted · mono accents · marquee	webflow-icons, Soehne Mono Leicht	Cloudflare	
stripe.com	Fintech, billing & payroll	Stripe   Financial Infrastructure to Grow Your Revenue	Next.js			CSS scroll-driven		Scroll-choreographed	Light, vivid, orange accent · marquee · canvas	sohne-var, SourceCodePro	nginx	
tipalti.com	Fintech, billing & payroll	Tipalti   Finance Automation Software for Modern Finance		WordPress				Static/CSS	Dark, orange accent	Inter	AWS CloudFront	
uniswap.org	Fintech, billing & payroll	Uniswap Interface			shadcn/ui (likely), Tailwind	View Transitions API		JS motion	Light + dark (follows OS), muted, pink accent	Basel, Inter	Cloudflare	
unit.co	Fintech, billing & payroll	Unit   Financial Infrastructure		Webflow	Emotion	GSAP, GSAP ScrollTrigger, Rive, View Transitions API	AG Grid, Swiper, Splide	Scroll-choreographed	Light · marquee · video · canvas	Suisse International, webflow-icons	AWS CloudFront	
useautumn.com	Fintech, billing & payroll	Billing Infrastructure for AI Startups   Autumn	Next.js		Tailwind	Motion (Framer Motion)		JS motion	Dark, violet accent · mono accents	Geist Mono, Geist	Vercel	
waveapps.com	Fintech, billing & payroll	Wave: Small Business Software - Wave Financial		Webflow		GSAP, GSAP ScrollTrigger	Swiper	Scroll-choreographed	Light, blue accent · video	Dinero Sans, webflow-icons	Cloudflare	
wealthfront.com	Fintech, billing & payroll	Money works better here   Wealthfront	Next.js		Radix, Tailwind	Motion (Framer Motion), Lottie	Swiper	JS motion	Mid-tone, vivid, violet accent · marquee	Calibre, GT Alpina	Fastly	3.3.7
whop.com	Fintech, billing & payroll	Whop. Create or run businesses with AI	React	Contentful	Radix, Base UI, React Aria, Tailwind	GSAP ScrollTrigger, View Transitions API	Mapbox/MapLibre/Leaflet, Tiptap/ProseMirror, cmdk, Vaul	Scroll-choreographed	Light + dark (follows OS), muted, red accent · span grid · marquee · video	Suisse Intl, Acid Grotesk	Cloudflare	4.1.17
wise.com	Fintech, billing & payroll	Wise: The international account   Money without borders   W…	Next.js		Radix, Tailwind	Lottie	Embla Carousel	JS motion	Light, vivid, green accent · video	Inter, Averta	Cloudflare	
withorb.com	Fintech, billing & payroll	The revenue design company   Orb	Next.js	Sanity	Radix, Tailwind, Registry motion classes	GSAP, GSAP ScrollTrigger, Motion (Framer Motion)		Scroll-choreographed	Light · span grid · marquee	abcDiatype, abcDiatypeSemiMono	Vercel	
xero.com	Fintech, billing & payroll	Accounting Software for Small Businesses   Xero	Next.js		Bootstrap, styled-components			Static/CSS	Light, vivid, blue accent	National2	amazons3	
ynab.com	Fintech, billing & payroll	YNAB		Webflow			AG Grid	Static/CSS	Mid-tone, vivid, blue accent · marquee	Wishfarm, Figtree Variablefont Wght	Cloudflare	
zerion.io	Fintech, billing & payroll	Crypto Wallet for Solana, Ethereum, DeFi - Zerion	Next.js	Webflow	shadcn/ui (likely), Radix, Base UI, Tailwind	GSAP, GSAP ScrollTrigger, Lenis, Motion (Framer Motion)	lucide icons	Scroll-choreographed	Dark, vivid, blue accent · marquee · canvas	Aeonik Pro	AWS CloudFront	4.2.1
15five.com	HR & recruiting	Continuous Performance Management Software   15Five		HubSpot CMS	Tailwind	Lottie	Swiper	JS motion	Light, violet accent · serif display	Manrope, DM Serif Display	Cloudflare	
7shifts.com	HR & recruiting	7shifts: Restaurant HR, Scheduling, Payroll & Retention Too…	Next.js	WordPress	Tailwind, Emotion, Registry motion classes			JS motion	Light, muted, blue accent · span grid · marquee · video	interTight, medium	Vercel	
ashbyhq.com	HR & recruiting	All-in-one Recruiting Software for Ambitious Teams   Ashby	Next.js	Storyblok	Radix	GSAP, GSAP ScrollTrigger, Motion (Framer Motion)		Scroll-choreographed	Light, muted, blue accent · serif display	Signifier, TTNormsPro	Netlify	
bamboohr.com	HR & recruiting	BambooHR: The Complete HR Software for People, Payroll   Be…				GSAP		JS motion	Mid-tone, green accent	inter-fallback, fields-fallback	Fastly	
beamery.com	HR & recruiting	AI-Powered Workforce Transformation Platform   Beamery	Astro	Contentful	Tailwind	Motion (Framer Motion)		JS motion	Light, blue accent · marquee	Beamery	Cloudflare	4.1.8
connecteam.com	HR & recruiting	Connecteam: The World's #1 Employee Management App		WordPress		Lenis, Lottie		Scroll-choreographed	Light, muted, orange accent · marquee · video		Cloudflare	
cultureamp.com	HR & recruiting	The market-leading employee experience platform   Culture A…			Tailwind		Swiper	Static/CSS	Light, muted, violet accent · serif display · span grid · marquee	tiempos, inter	AWS CloudFront	3.4.19
deputy.com	HR & recruiting	Employee Scheduling, HR & Payroll Software — Deputy	Nuxt	Storyblok				Static/CSS	Dark, vivid, blue accent	Poppins, Caveat	Cloudflare	
dover.com	HR & recruiting	Dover   Fractional Recruiters for Startups & Free ATS	Astro					Static/CSS	Mid-tone, vivid, teal accent · marquee	DM Sans, Host Grotesk	Cloudflare	
eightfold.ai	HR & recruiting	Eightfold AI   AI Native Talent Intelligence Platform		WordPress		Lottie	Swiper	JS motion	Light, violet accent · video	Roboto, Gilroy	AWS CloudFront	
factorialhr.com	HR & recruiting	Factorial   All In One Business Management Software	Next.js	DatoCMS	Tailwind, Registry motion classes	Motion (Framer Motion), Lottie	Swiper	JS motion	Light, red accent · span grid · marquee · video	Inter, DM Sans	Cloudflare	
fountain.com	HR & recruiting	Frontline Superintelligence - Fountain		WordPress	Bootstrap	Lottie, CSS scroll-driven		Scroll-choreographed	Mid-tone, vivid, blue accent · marquee · video	Circularxx	Cloudflare	
gem.com	HR & recruiting	Home — Gem	Next.js	Sanity	styled-components	Motion (Framer Motion), Lottie		JS motion	Mid-tone, vivid, orange accent · marquee · video	Society, Die Grotesk A	Vercel	
greenhouse.com	HR & recruiting	Greenhouse   Applicant tracking software & hiring platform		Webflow		GSAP, GSAP ScrollTrigger, Lottie	Splide	Scroll-choreographed	Light, orange accent · serif display	Untitled Sans, Untitled Serif	Cloudflare	
hibob.com	HR & recruiting	All-in-one HR software for people, payroll & finance   HiBob		WordPress	Emotion	Lottie	Swiper	JS motion	Dark, vivid, pink accent · marquee · video	Sentinel SSm A, Sentinel SSm B	Kinsta	
humaans.io	HR & recruiting	AI-Powered HRIS for Growing Teams   Humaans	Next.js			react-spring		JS motion	Dark, muted · marquee · video	grotesk, STKBureauSerif	Netlify	
joinhomebase.com	HR & recruiting	Homebase   All-in-One Employee Scheduling, Time Clocks, Pay…	Next.js		shadcn/ui (likely), Radix, Tailwind	GSAP, GSAP ScrollTrigger, Lenis, Motion (Framer Motion)	Swiper, lucide icons	Scroll-choreographed	Light, violet accent · mono accents · marquee · video	JetBrains Mono, sans	Vercel	
juicebox.ai	HR & recruiting	Juicebox (PeopleGPT) - The Leading AI Recruiting Platform	React	Framer (site builder)		three.js, React Three Fiber, react-spring		3D/WebGL	Light, violet accent · mono accents	Inter, DM Mono	Cloudflare	
lattice.com	HR & recruiting	Lattice   The HR platform that people love		Webflow		GSAP, GSAP ScrollTrigger, Lottie	Swiper	Scroll-choreographed	Light, muted, green accent · marquee	Matter, webflow-icons	Cloudflare	
leapsome.com	HR & recruiting	Leapsome   AI-powered HR software and people platform		Webflow		Lottie	Swiper	JS motion	Light, orange accent · marquee · canvas	Bdogrotesk, webflow-icons	AWS CloudFront	
lever.co	HR & recruiting	Lever   Modern Recruiting Software & ATS	Next.js	Sanity	Tailwind	Motion (Framer Motion)		JS motion	Light, teal accent · marquee	Onest	Vercel	4.1.18
metaview.ai	HR & recruiting	Metaview: The Agentic Recruiting Platform	Next.js		Radix, React Aria	Motion (Framer Motion)	lucide icons	JS motion	Light, vivid, green accent · mono accents · video · canvas	Euclid Circular A, Onsite Extended	Vercel	
paradox.ai	HR & recruiting	Conversational hiring software that gets work done for you …		Webflow		GSAP, GSAP ScrollTrigger	Splide	Scroll-choreographed	Light, teal accent · marquee · video	Figtree, Avenir	Cloudflare	
pave.com	HR & recruiting	AI-Native Compensation Management Software   Pave		Webflow		GSAP, GSAP ScrollTrigger, Lottie	Splide	Scroll-choreographed	Mid-tone, vivid, blue accent · mono accents · marquee · video · canvas	DM Sans, Aeonik	Cloudflare	
recruitee.com	HR & recruiting	Customizable ATS & hiring software   Tellent Recruitee		Webflow, HubSpot CMS	Tailwind		Swiper, Splide	Static/CSS	Dark, vivid, violet accent · serif display	PP Neue Montreal, Lora	Cloudflare	3.4.17
teamtailor.com	HR & recruiting	Teamtailor ™ - Next Generation ATS & Employer Branding	Astro	Webflow	Tailwind	GSAP, GSAP ScrollTrigger, CSS scroll-driven	Swiper, Font Awesome	Scroll-choreographed	Mid-tone, muted, red accent · marquee	Inter, webflow-icons	Netlify	
welcometothejungle.com	HR & recruiting	Welcome to the Jungle — Work with the company you belong to	Next.js		Tailwind		Swiper, Embla Carousel	Static/CSS	Light, vivid, yellow accent · span grid	Work Sans, welcome-font	AWS CloudFront	
wellfound.com	HR & recruiting	Startup Jobs & AI Recruiting Platform   Wellfound	Hotwire/Turbo		Tailwind	View Transitions API		JS motion	Light, red accent · marquee	Graphik, Aeonik Fono	Cloudflare	3.4.17
wheniwork.com	HR & recruiting	Smarter Employee Scheduling Software   When I Work	Gatsby				Swiper	Static/CSS	Light, green accent	Source Sans Pro, wiw-icons	AWS CloudFront	
workable.com	HR & recruiting	Workable   All-in-one HR software	Next.js	HubSpot CMS				Static/CSS	Light, teal accent · marquee		Cloudflare	
bagisto.com	E-commerce operations	Bagisto - Open Source eCommerce Platform for Marketplaces a…		WordPress	Bootstrap		AG Grid, Swiper	Static/CSS	Light, blue accent · marquee · video	Inter	Cloudflare	
bigcommerce.com	E-commerce operations	Commerce built for momentum.   BigCommerce	Next.js		Radix, Tailwind, Emotion	Lottie		JS motion	Light, vivid, blue accent · mono accents · span grid	AeonikPro, Geist Mono	Vercel	3.4.17
commercetools.com	E-commerce operations	The Digital Commerce AI Company   commercetools		Webflow		Lottie	Swiper, Splide	JS motion	Mid-tone, muted	TT Commons Pro, webflow-icons	AWS CloudFront	
easypost.com	E-commerce operations	The Simple Shipping API - EasyPost		WordPress			Mapbox/MapLibre/Leaflet, Splide, Font Awesome	Static/CSS	Mid-tone, blue accent	entypo-fontello-enfold, entypo-fontello	Cloudflare	
faire.com	E-commerce operations	Your one-stop shop for wholesale - Faire	Next.js		Tailwind, styled-components	CSS scroll-driven	cmdk	Scroll-choreographed	Light, red accent · video	Graphik_fix, Graphik	Cloudflare	4.2.1
fourthwall.com	E-commerce operations	Fourthwall   One platform for custom products and branded s…		Webflow				Static/CSS	Light + dark (follows OS), muted · marquee · video · canvas	Suisse Intl, PP Telegraf		
goshippo.com	E-commerce operations	Best Multi-Carrier Shipping Software for Businesses   Shippo		Webflow			Swiper	Static/CSS	Light, vivid, green accent	webflow-icons	Fastly	
judge.me	E-commerce operations	Judge.me   #1 Product Reviews App for Shopify		Framer (site builder)		Motion (Framer Motion)		JS motion	Light, muted	Inter, Nunito Sans	AWS CloudFront	
loopreturns.com	E-commerce operations	Loop Returns   The Operations Platform Built for Retention	Next.js	Sanity	Radix, Tailwind	Motion (Framer Motion), Rive		JS motion	Light, muted · mono accents · marquee	Inter, Geist Mono	Vercel	
lunarphp.io	E-commerce operations	Lunar - Open Source Laravel E-Commerce, Built for Developer…	Next.js		Tailwind			Static/CSS	Dark · span grid	Inter	Vercel	3.1.8
medusajs.com	E-commerce operations	Medusa - Open-Source Commerce Platform for Agents and Devel…	Next.js	Sanity	Radix, Headless UI, Tailwind, styled-components	Motion (Framer Motion)	Sonner, Swiper	JS motion	Light, muted · mono accents · marquee · video	Inter, Roboto Mono	Vercel	3.4.17
narvar.com	E-commerce operations	Narvar   Intelligent Personalization “Beyond Buy”		Webflow		GSAP, GSAP ScrollTrigger, Lenis, Lottie, View Transitions API	Swiper	Scroll-choreographed	Dark, vivid, blue accent · marquee	Circularstd, CircularStd-Black	Cloudflare	
northbeam.io	E-commerce operations	Northbeam - The marketing intelligence platform for profita…		Webflow			Splide	Static/CSS	Mid-tone, green accent · marquee	Typetype Tt Commons, Poppins	Cloudflare	
okendo.io	E-commerce operations	Okendo - Customer Marketing Platform	Alpine.js	WordPress	Tailwind, Registry motion classes	GSAP, GSAP ScrollTrigger	Splide	Scroll-choreographed	Dark, teal accent · span grid · marquee · video	IBM Plex Sans, Zilla Slab	Cloudflare	3.4.17
polaranalytics.com	E-commerce operations	Polar - Your Shopify Analytics. Effortless. Centralized. Sm…		Webflow, HubSpot CMS				Static/CSS	Dark, muted, violet accent · marquee · video	Lato, Aeonik	Cloudflare	
printful.com	E-commerce operations	Printful: Custom Print On Demand & Dropshipping	Vue		Bootstrap		Splide	Static/CSS	Light, muted, red accent	ProximaNova-Extrabld	Cloudflare	
printify.com	E-commerce operations	Printify: Build your eCommerce business in minutes.	Angular	Builder.io			Material Symbols	Static/CSS	Light, green accent · video	Harber, Ambit	Cloudflare	
rebuyengine.com	E-commerce operations	Rebuy - Ecommerce Personalization Platform for Shopify		HubSpot CMS		GSAP, GSAP ScrollTrigger, Lenis, Rive	Embla Carousel, lucide icons	Scroll-choreographed	Mid-tone, violet accent · marquee	Museo Sans	Cloudflare	
rechargepayments.com	E-commerce operations	Recharge: The world’s leading subscription platform		WordPress	Tailwind	GSAP, GSAP ScrollTrigger		Scroll-choreographed	Mid-tone, blue accent · video		Cloudflare	3.4.17
saleor.io	E-commerce operations	Saleor - Composable, Open Source, Headless Ecommerce Platfo…	Next.js		shadcn/ui (likely), Radix, Tailwind	Lottie	lucide icons	JS motion	Light, muted · mono accents · span grid · marquee · video · canvas	Geist Mono, Geist	Vercel	
shipbob.com	E-commerce operations	Global Ecommerce Fulfillment Solution   ShipBob		WordPress	Bootstrap	Lottie		JS motion	Light, blue accent · video	Neurial Grotesk	Cloudflare	
shipstation.com	E-commerce operations	Shipping Software for Ecommerce Fulfillment - ShipStation		WordPress	Tailwind		Swiper	Static/CSS	Light, muted, green accent · marquee	Figtree, Mono	Cloudflare	
shopify.com	E-commerce operations	Shopify: The All-in-One Commerce Platform for Businesses - …	Remix/React Router	Shopify storefront	Tailwind, Registry motion classes	Rive, View Transitions API, CSS scroll-driven	Embla Carousel	Scroll-choreographed	Mid-tone, orange accent · span grid · marquee · video	Shopify-Inter	Cloudflare	4.1.18
snipcart.com	E-commerce operations	Add a Shopping Cart to Any Website in Minutes - Snipcart	Nuxt	DatoCMS				Static/CSS	Mid-tone, yellow accent	Gilroy	Netlify	
swell.is	E-commerce operations	Swell   Next-level commerce for everyone	Next.js	Sanity	Tailwind, styled-components	three.js, React Three Fiber, Motion (Framer Motion), react-spring	Embla Carousel	3D/WebGL	Dark, muted, blue accent · mono accents · span grid · video	Matter SQ, Matter	Vercel	3.4.1
vendure.io	E-commerce operations	B2B ecommerce platform for complex commerce   Vendure	Next.js		shadcn/ui (likely), Radix, Base UI, Tailwind, Registry motion classes	Motion (Framer Motion)	Recharts, cmdk, Sonner, Vaul, lucide icons	JS motion	Dark, muted · mono accents · span grid	Inter, Geist Mono	Vercel	
woocommerce.com	E-commerce operations	WooCommerce	React	WordPress			Font Awesome	Static/CSS	Light, orange accent	Font Awesome 7 Pro, Inter var	nginx	
yotpo.com	E-commerce operations	Yotpo: Loyalty, Reviews & AI Visibility For Ecommerce		WordPress			Swiper	Static/CSS	Light, blue accent · video	swiper-icons, yotpo	AWS CloudFront	
acuityscheduling.com	Scheduling, forms & e-sign	Acuity Scheduling: Online Booking & Appointment Scheduling …		Squarespace				Static/CSS	Light · serif display · video	Recoleta, Clarkson-Serif	apache	
cal.com	Scheduling, forms & e-sign	Cal.com   Scheduling Software for Online Bookings		Framer (site builder)		Motion (Framer Motion)		JS motion	Light, muted · mono accents	Inter, Inter Display	Cloudflare	
calendly.com	Scheduling, forms & e-sign	Meeting Scheduling Software and AI Meeting Tools   Calendly	Astro		Tailwind			Static/CSS	Light, blue accent · marquee · canvas	Wulkan Text, Geist	AWS CloudFront	4.1.14
documenso.com	Scheduling, forms & e-sign	Documenso - The Open Source DocuSign Alternative		Framer (site builder)				Static/CSS	Light + dark (follows OS), muted · mono accents	Inter, Inter Display	Framer	
docusign.com	Scheduling, forms & e-sign	Docusign   #1 in Electronic Signature and Intelligent Agree…	Next.js	Contentful	Emotion	Lottie		JS motion	Mid-tone, vivid, violet accent · mono accents · canvas	DSIndigo, Noto Sans Mono	Netlify	
doodle.com	Scheduling, forms & e-sign	Free online meeting scheduling tool   Doodle	Next.js	Contentful	shadcn/ui (likely), Base UI, Tailwind		Sonner, lucide icons	Static/CSS	Mid-tone, muted, orange accent · serif display · marquee	Noto Serif, Inter	Cloudflare	
papermark.com	Scheduling, forms & e-sign	Papermark   Secure data rooms for modern dealmakers	Next.js		shadcn/ui (likely), Radix, Tailwind, Registry motion classes	Motion (Framer Motion)	cmdk, lucide icons	JS motion	Dark, muted · span grid · marquee · video	Inter	Vercel	3.4.19
rallly.co	Scheduling, forms & e-sign	Rallly: Free Group Meeting Scheduling Tool	Next.js		shadcn/ui (likely), Base UI, Tailwind	Motion (Framer Motion)	cmdk, lucide icons	JS motion	Light, muted · span grid	Playpen Sans, Inter	Vercel	
savvycal.com	Scheduling, forms & e-sign	Scheduling Software Everyone Will Love · SavvyCal	Laravel, Inertia, Hotwire/Turbo		Tailwind			Static/CSS	Mid-tone, vivid, green accent · video	GT-Alpina-Fine-Condensed, GT-America-Standard	Fly.io	4.3.2
signwell.com	Scheduling, forms & e-sign	Electronic Signature Software - SignWell	Hotwire/Turbo		Tailwind			Static/CSS	Mid-tone, vivid, teal accent	Google Sans Code	Cloudflare	
tidycal.com	Scheduling, forms & e-sign	TidyCal   Simple calendar management and booking solution	Laravel, Hotwire/Turbo, React		Bootstrap, Tailwind, Emotion		lucide icons	Static/CSS	Light, blue accent	Inter 18pt, Inter 24pt	Cloudflare	
youcanbook.me	Scheduling, forms & e-sign	Free Online Scheduling Tool - YouCanBookMe		HubSpot CMS			Swiper	Static/CSS	Mid-tone, vivid, green accent · marquee	Archivo, Inter	Cloudflare	
zcal.co	Scheduling, forms & e-sign	zcal – Beautiful scheduling pages your clients will love	Next.js		MUI, Emotion			Static/CSS	Light, muted · marquee		Cloudflare	
abridge.com	Vertical SaaS (health, edu, property, legal, logistics)	Generative AI for Clinical Conversations   Abridge		Webflow	Tailwind	GSAP, GSAP ScrollTrigger, Lottie		Scroll-choreographed	Mid-tone, orange accent · marquee	Avantt, webflow-icons	Cloudflare	4.2.2
agiloft.com	Vertical SaaS (health, edu, property, legal, logistics)	Agiloft: AI Contract Lifecycle Management Software		Webflow		GSAP, GSAP ScrollTrigger	Swiper, Splide	Scroll-choreographed	Dark, muted, orange accent · marquee · video · canvas	Messinasansweb, Teodor	Cloudflare	
airbnb.com	Vertical SaaS (health, edu, property, legal, logistics)	Airbnb: Vacation Rentals, Cabins, Beach Houses, Unique Home…				View Transitions API	Embla Carousel	JS motion	Light, muted · marquee · video	Airbnb Cereal	nginx	
ambiencehealthcare.com	Vertical SaaS (health, edu, property, legal, logistics)	Ambience Healthcare		Framer (site builder), Webflow		Motion (Framer Motion)		JS motion	Light, orange accent · mono accents	Inter Display, Inter	Framer	
appfolio.com	Vertical SaaS (health, edu, property, legal, logistics)	AppFolio: Move Beyond Property Management Software	Nuxt			Lottie	Embla Carousel	JS motion	Light, vivid, blue accent · video	Helvetica Now Display, Helvetica Now Text	appfolio	
boot.dev	Vertical SaaS (health, edu, property, legal, logistics)	Learn to Code   Boot.dev	Nuxt		Tailwind		lucide icons, Font Awesome	Static/CSS	Dark, orange accent	DMSans, Arcuata	Cloudflare	4.2.2
brilliant.org	Vertical SaaS (health, edu, property, legal, logistics)	Brilliant   Your Personal Tutor for Math and Coding	Next.js		shadcn/ui (likely), Base UI	Motion (Framer Motion), CSS scroll-driven	Sonner, Swiper	Scroll-choreographed	Light, muted, green accent · video · canvas	KaTeX_Main, coFoBrilliantFont	Cloudflare	
buildium.com	Vertical SaaS (health, edu, property, legal, logistics)	Buildium: Property Management Software		WordPress			Font Awesome	Static/CSS	Light, muted	proxima-nova, slick	Cloudflare	
calm.com	Vertical SaaS (health, edu, property, legal, logistics)	Calm - The #1 App for Meditation and Sleep	Next.js		styled-components	react-spring	Swiper	JS motion	Light, muted	Figtree, ITC Souvenir	AWS CloudFront	
canvasmedical.com	Vertical SaaS (health, edu, property, legal, logistics)	Canvas: AI-Powered Healthcare Platform for Clinics	Next.js	Prismic	Tailwind			Static/CSS	Dark, vivid, orange accent	openSans, spaceMono	Vercel	
classdojo.com	Vertical SaaS (health, edu, property, legal, logistics)	ClassDojo   ClassDojo	Gatsby		Radix, Tailwind, Emotion, Registry motion classes	Motion (Framer Motion)		JS motion	Light, muted, orange accent · span grid · marquee	Melun, Dojo Text	AWS CloudFront	4.1.18
clever.com	Vertical SaaS (health, edu, property, legal, logistics)	Clever		WordPress		GSAP, GSAP ScrollTrigger, Lottie	Swiper	Scroll-choreographed	Light, blue accent	ABCArizonaMix, MessinaSans	Cloudflare	
codecademy.com	Vertical SaaS (health, edu, property, legal, logistics)	Learn to Code - for Free   Codecademy	Next.js		React Aria, Emotion	Motion (Framer Motion)		JS motion	Mid-tone, vivid, yellow accent · marquee	Apercu, KaTeX_Main	Cloudflare	
compass.com	Vertical SaaS (health, edu, property, legal, logistics)	Real Estate, Homes for Sale & Apartments for Rent   Compass	React	Contentful				Static/CSS	Mid-tone, blue accent · serif display	Compass Sans, Open Sans	AWS CloudFront	
coursera.org	Vertical SaaS (health, edu, property, legal, logistics)	Coursera   Online Courses, Certificates, & Degrees	React	Contentful	MUI, Emotion			Static/CSS	Light, blue accent	Source Sans Pro, OpenSans	AWS CloudFront	
doctolib.fr	Vertical SaaS (health, edu, property, legal, logistics)	Doctolib : Prenez rendez-vous en ligne chez un soignant	React	HubSpot CMS				Static/CSS	Light, vivid, blue accent · serif display	Merriweather, Roboto	Cloudflare	
doorloop.com	Vertical SaaS (health, edu, property, legal, logistics)	Property Management Software   DoorLoop		Webflow	Emotion		Swiper, Splide	Static/CSS	Light, blue accent · marquee	webflow-icons	Cloudflare	
duolingo.com	Vertical SaaS (health, edu, property, legal, logistics)	Duolingo	React			Rive, Lottie		JS motion	Light, green accent	KaTeX_Main, KaTeX_SansSerif	AWS CloudFront	
egghead.io	Vertical SaaS (health, edu, property, legal, logistics)	egghead.io - Learn Web Development from Expert Developers	Next.js		Radix, Headless UI, Tailwind	Motion (Framer Motion)	lucide icons	JS motion	Light + dark (follows OS), muted, blue accent	cueplayer-react	Vercel	3.4.18
flexport.com	Vertical SaaS (health, edu, property, legal, logistics)	Freight Forwarding & Supply Chain Platform   Flexport   Fle…	Astro	Sanity				Static/CSS	Mid-tone, vivid, blue accent · mono accents · canvas	Zalando Sans-c8107d83ff0d568d, Roboto Mono-e30379de7a9a321f	Cloudflare	
fresha.com	Vertical SaaS (health, edu, property, legal, logistics)	Fresha - Instantly book salons and spas nearby	Next.js		Radix, React Aria	View Transitions API, CSS scroll-driven		Scroll-choreographed	Light · video	AktivGroteskVF, RoobertPRO	AWS CloudFront	
frontendmasters.com	Vertical SaaS (health, edu, property, legal, logistics)	Learn JavaScript, React, and TypeScript to Node.js, Fullsta…		WordPress				Static/CSS	Mid-tone, red accent · video		nginx/1.16.1	
gethealthie.com	Vertical SaaS (health, edu, property, legal, logistics)	Healthie   HIPAA Compliant Electronic Health Record Software		Webflow		GSAP, GSAP ScrollTrigger, Lottie	Swiper	Scroll-choreographed	Mid-tone, violet accent · marquee · video	Haffer, webflow-icons	Cloudflare	
glass.health	Vertical SaaS (health, edu, property, legal, logistics)	Glass   Frontier Clinical Intelligence for Everyone	React		shadcn/ui (likely), Radix, Bootstrap, Tailwind, Emotion, Registry motion classes	CSS scroll-driven	Recharts, Lexical, Vaul, lucide icons	Scroll-choreographed	Light, muted, blue accent · marquee	Grotesc, Foundation Sans	uploadserver	
gomotive.com	Vertical SaaS (health, edu, property, legal, logistics)	Motive: All-in-One Fleet Management & Driver Safety Platform	React	WordPress	Ant Design		Swiper	Static/CSS	Dark, muted, blue accent · video	MaisonNeue	nginx	
headspace.com	Vertical SaaS (health, edu, property, legal, logistics)	Mental Health App for Meditation & Sleep - Headspace	Next.js	Contentful	Emotion	Motion (Framer Motion), Lottie		JS motion	Light, vivid, blue accent · mono accents	Headspace Apercu, Apercu Pro Mono	AWS CloudFront	
hioscar.com	Vertical SaaS (health, edu, property, legal, logistics)	Health insurance made for real life	Next.js	Sanity	shadcn/ui (likely), Tailwind, styled-components	Motion (Framer Motion)		JS motion	Mid-tone, vivid, orange accent · span grid	sansFull, sans	Netlify	
hopper.com	Vertical SaaS (health, edu, property, legal, logistics)	Hopper   Book Hotels, Flights, Car Rentals & More	Next.js		shadcn/ui (likely), MUI, Tailwind		Vaul	Static/CSS	Light, muted		istio-envoy	4.2.1
housecallpro.com	Vertical SaaS (health, edu, property, legal, logistics)	Home Services Business Management Software - Housecall Pro		WordPress				Static/CSS	Light + dark (follows OS), muted	Open Sans, Plus Jakarta Sans	AWS CloudFront	
instructure.com	Vertical SaaS (health, edu, property, legal, logistics)	Instructure: Leading EdTech for K–12, Higher Ed & Business						Static/CSS	Light, blue accent	Manrope, Noto Sans KR	Fastly	
ironcladapp.com	Vertical SaaS (health, edu, property, legal, logistics)	Ironclad: AI Contract Lifecycle Management Software		WordPress	Bootstrap	GSAP, GSAP ScrollTrigger, Lottie	Swiper, Font Awesome, Material Symbols	Scroll-choreographed	Light, muted, teal accent · mono accents · marquee	Moderat, Moderat Mono	Fastly	
jane.app	Vertical SaaS (health, edu, property, legal, logistics)	Practice Management Software for Health & Wellness Clinics …		WordPress				Static/CSS	Light, teal accent	Proxima Nova	Cloudflare	
joinblvd.com	Vertical SaaS (health, edu, property, legal, logistics)	Boulevard   Booking and Scheduling Software for Salons, Spa…	Next.js	Contentful	Tailwind	Motion (Framer Motion)	Embla Carousel	JS motion	Mid-tone, muted, orange accent · mono accents · span grid · marquee · video	Roboto Mono, fontBasisGrotesquePro	Vercel	4.3.2
juro.com	Vertical SaaS (health, edu, property, legal, logistics)	Juro   Intelligent contracting		Webflow		Lottie	Swiper	JS motion	Mid-tone, muted, green accent · video	Kazimir, Sf Pro Display	Cloudflare	
kahoot.com	Vertical SaaS (health, edu, property, legal, logistics)	Kahoot!   Learning games   Make learning awesome!		WordPress				Static/CSS	Mid-tone, blue accent	Montserrat	AWS CloudFront	
khanacademy.org	Vertical SaaS (health, edu, property, legal, logistics)	Client Challenge						Static/CSS	Light + dark (follows OS), muted	Inter		
mindbodyonline.com	Vertical SaaS (health, edu, property, legal, logistics)	Best Fitness & Wellness Management Software   Mindbody						Static/CSS	Light, yellow accent · marquee · video	Averta	Fastly	
opendoor.com	Vertical SaaS (health, edu, property, legal, logistics)	Opendoor   Sell your home the minute you’re ready.	Next.js		Base UI, Tailwind			Static/CSS	Light, orange accent · serif display · span grid	Nanum Pen Script, lilex	Cloudflare	4.3.3
ouraring.com	Vertical SaaS (health, edu, property, legal, logistics)	Oura Ring. Smart Ring for Fitness, Stress, Sleep & Health.	Next.js	WordPress	Tailwind	Motion (Framer Motion)		JS motion	Light · serif display · video	Editorial New, AkkuratLL	AWS CloudFront	4.3.2
procore.com	Vertical SaaS (health, edu, property, legal, logistics)	Construction Project Management Software   Procore	Next.js	WordPress, Contentful	Ark UI / Zag, Chakra UI, Tailwind, Emotion, Registry motion classes	Motion (Framer Motion), Rive	Embla Carousel	JS motion	Mid-tone, orange accent · span grid	Inter Tight, procoreSans	Vercel	4.3.3
project44.com	Vertical SaaS (health, edu, property, legal, logistics)	Decision Intelligence Platform   project44		WordPress	Emotion	GSAP, GSAP ScrollTrigger	Splide	Scroll-choreographed	Dark, blue accent · video	PP Mori	Cloudflare	
redfin.com	Vertical SaaS (health, edu, property, legal, logistics)	Redfin   Real Estate & Homes for Sale, Rentals, Mortgages &…						Static/CSS	Light, muted, orange accent	Google Sans, Inter	AWS CloudFront	
samsara.com	Vertical SaaS (health, edu, property, legal, logistics)	Samsara   The Connected Operations Platform	Nuxt	Contentful	Tailwind	GSAP, GSAP ScrollTrigger, Lottie	Swiper	Scroll-choreographed	Mid-tone, orange accent · mono accents · video	FK Grotesk, FK Grotesk Mono	AWS CloudFront	
scrimba.com	Vertical SaaS (health, edu, property, legal, logistics)	Learn to code with Scrimba	Svelte				Highcharts	Static/CSS	Light + dark (follows OS), muted, blue accent	KaTeX_Main, KaTeX_SansSerif	Cloudflare	
servicetitan.com	Vertical SaaS (health, edu, property, legal, logistics)	ServiceTitan - Home and Commercial Software for the Trades	Gatsby	Contentful	MUI, Ant Design, Tailwind, styled-components, Emotion			Static/CSS	Mid-tone, red accent · marquee · video	Sofia Pro, Nunito Sans	Netlify	
simplepractice.com	Vertical SaaS (health, edu, property, legal, logistics)	EHR Software for Health & Wellness Professionals   SimplePr…	Next.js	Builder.io	Radix, Tailwind, Emotion	Motion (Framer Motion)		JS motion	Mid-tone, vivid, yellow accent · video	Uncut Sans	Vercel	3.4.17
spellbook.legal	Vertical SaaS (health, edu, property, legal, logistics)	AI Contract Review & Drafting   Spellbook		Webflow	Bootstrap	GSAP, GSAP ScrollTrigger, Rive, Lottie	Swiper	Scroll-choreographed	Dark, teal accent · marquee	Soehne, Ghost	Cloudflare	
strava.com	Vertical SaaS (health, edu, property, legal, logistics)	Strava   Running, Cycling & Hiking App - Train, Track & Sha…	Next.js		Base UI, Emotion		Splide	Static/CSS	Mid-tone, yellow accent	Noto Sans, Noto Sans Condensed	AWS CloudFront	
turbotenant.com	Vertical SaaS (health, edu, property, legal, logistics)	TurboTenant: Property Management Software		WordPress			Swiper	Static/CSS	Mid-tone, orange accent	Open Sans, Poppins	Cloudflare	
vagaro.com	Vertical SaaS (health, edu, property, legal, logistics)	Book Your Next Salon, Spa, Or Fitness Appointment   Vagaro		Webflow			Swiper, Font Awesome	Static/CSS	Light, orange accent	Quicksand, FontAwesome		
zillow.com	Vertical SaaS (health, edu, property, legal, logistics)	Zillow: Real Estate, Apartments, Mortgages & Home Values	Next.js		styled-components			Static/CSS	Light, muted	Ivar Headline, Inter	AWS CloudFront	
adalo.com	CMS & site builders	Adalo   No-Code App Builder with AI & Visual Canvas	Astro		Tailwind	Lottie		JS motion	Light, teal accent · marquee	Work Sans, Gilroy	Cloudflare	4.2.4
bubble.io	CMS & site builders	Bubble: Build web & mobile apps with the only no-code AI ap…	SolidJS, React			GSAP, GSAP ScrollTrigger, Lottie	Chart.js, ApexCharts, Phosphor icons, Font Awesome, Material Symbols	Scroll-choreographed	Light, violet accent	bubble, FontAwesome	Cloudflare	
builder.io	CMS & site builders	Builder.io: Collaborative Platform to Build With AI Agents	Remix/React Router	Builder.io	shadcn/ui (likely), Tailwind, Emotion	Lottie, View Transitions API	Recharts, Tiptap/ProseMirror, cmdk	JS motion	Dark, muted	Poppins, basic-sans	AWS CloudFront	
craftcms.com	CMS & site builders	Craft CMS			Tailwind	Locomotive Scroll	Font Awesome	Scroll-choreographed	Light, muted	GT Eesti, Cambon	Cloudflare	
datocms.com	CMS & site builders	length in draft mode --><link sizes="16x16" type="image/png…	Astro	DatoCMS		View Transitions API	Embla Carousel	JS motion	Mid-tone, muted, red accent · serif display	tiempos-text, colfax	Fastly	
directus.io	CMS & site builders	Directus   Collaborative Backend & Headless CMS		Framer (site builder)				Static/CSS	Dark, muted · serif display · mono accents · video	Inter, Source Serif 4	Cloudflare	
dorik.com	CMS & site builders	Dorik - AI Website Building Platform					Font Awesome	Static/CSS	Light, blue accent		cms fly	
durable.co	CMS & site builders	Durable – AI Business Builder   Launch in minutes	Next.js		shadcn/ui (likely), Radix, Tailwind, Registry motion classes		Recharts, Lexical, cmdk, Sonner, Vaul	JS motion	Light, muted, orange accent · marquee · canvas	newSpiritCondensed, openRunde	Vercel	
feather.so	CMS & site builders	Feather: Start a blog that humans and AI agents can read	Remix/React Router		Headless UI, Tailwind			Static/CSS	Light, muted	Uncut Sans	Cloudflare	
flutterflow.io	CMS & site builders	FlutterFlow - Build Beautiful, Modern Apps	Astro		shadcn/ui (likely), Tailwind, Registry motion classes		cmdk, lucide icons	JS motion	Dark, blue accent · span grid · marquee · video	Inter, Urbanist	Fastly	
getkirby.com	CMS & site builders	Kirby is the CMS that adapts to you						Static/CSS	Light, muted		keycdn	
glideapps.com	CMS & site builders	AI App Builder: Turn Spreadsheets into Business Apps   Glide	Next.js	WordPress	Radix, Tailwind	GSAP, GSAP ScrollTrigger, Motion (Framer Motion)		Scroll-choreographed	Light, muted	bootonFont, affairsFont	Vercel	
hashnode.com	CMS & site builders	Hashnode — The Best Blogging Platform for Builders in Tech	Next.js		shadcn/ui (likely), Radix, Tailwind	Locomotive Scroll, Motion (Framer Motion)	Tiptap/ProseMirror, cmdk, Sonner, Vaul, lucide icons, Font Awesome	Scroll-choreographed	Dark, muted	Inter, Google Sans Code	Vercel	
hygraph.com	CMS & site builders	Hygraph: The Headless CMS That’s Fast to Implement and Scal…	Next.js, Nuxt, Remix/React Router, Gatsby		React Aria, Tailwind	GSAP, GSAP ScrollTrigger, Rive		Scroll-choreographed	Light, blue accent	headings, Space Grotesk	Vercel	
keystatic.com	CMS & site builders	Keystatic	Next.js		Headless UI, React Aria, Tailwind, Emotion			Static/CSS	Light, vivid, orange accent · span grid	Inter	Cloudflare	
makeswift.com	CMS & site builders	Makeswift   Love at first site	Next.js		Radix, Tailwind, Emotion	Motion (Framer Motion)		JS motion	Light, vivid, pink accent · marquee	Gasoek One, Be Vietnam Pro	Vercel	
payloadcms.com	CMS & site builders	Payload: The Next.js Headless CMS and App Framework	Next.js		Radix, Emotion	Motion (Framer Motion)	Lexical, Sonner	JS motion	Dark, muted · mono accents · video	untitledSans, Inter	Vercel	
plasmic.app	CMS & site builders	Plasmic   Build powerful apps fast— without the limits	Next.js					Static/CSS	Light, muted · video	Inter, Roboto	Vercel	
prismic.io	CMS & site builders	Prismic: The agentic web platform for marketers and AI	Next.js	Prismic	Radix, Headless UI, Tailwind	Motion (Framer Motion), Rive	Recharts, cmdk, Swiper	JS motion	Light, muted · span grid	headingsFont, copyFont	Vercel	
sanity.io	CMS & site builders	The Content Operating System for the AI era   Sanity	Astro	Sanity	Tailwind, Registry motion classes			JS motion	Dark, orange accent · mono accents · span grid · marquee · video · canvas	IBM Plex Mono-c20ba633a65a8c57, Waldenburg-75357948a2b6a39b	Vercel	4.2.4
softr.io	CMS & site builders	Build Custom AI Business Apps, Portals & Internal Tools wit…		Webflow		GSAP, GSAP ScrollTrigger, Lottie	Swiper	Scroll-choreographed	Light, muted · marquee · video	Inter, Satoshi	my-server	
squarespace.com	CMS & site builders	Website Builder – Easily Create Your Own Website   Squaresp…	React	Squarespace	Radix	Motion (Framer Motion)	Chart.js	JS motion	Dark, vivid, orange accent · serif display · video	Clarkson Serif, Clarkson	squarespace	
statamic.com	CMS & site builders	Statamic — the answer to your frustrating CMS problems.	Laravel, Livewire, Alpine.js, Vue		Tailwind		ApexCharts, Mapbox/MapLibre/Leaflet, Swiper, Splide, Font Awesome	Static/CSS	Light, vivid, orange accent	Lore, Lexend	Cloudflare	3.4.15
storyblok.com	CMS & site builders	Storyblok — Headless CMS with Visual Editor   Storyblok	Astro	Storyblok		View Transitions API, CSS scroll-driven		Scroll-choreographed	Light, blue accent · marquee · video	Marfa, ABC Marfa	Netlify	
strapi.io	CMS & site builders	Strapi - Open-Source TypeScript Headless CMS	Next.js		shadcn/ui (likely), Radix, Tailwind	Lottie, CSS scroll-driven	cmdk, Sonner	Scroll-choreographed	Light, muted · span grid · video	Poppins	Vercel	
super.so	CMS & site builders	Super — Create Custom Websites with Notion	Next.js		Radix		lucide icons	Static/CSS	Light, muted, orange accent	\, Inter	Vercel	
tina.io	CMS & site builders	TinaCMS – GitHub’s #1 Headless CMS, powered by an awesome V…	Next.js		shadcn/ui (likely), Radix, Tailwind, styled-components, Registry motion classes			JS motion	Light, vivid, red accent · span grid · marquee	IBMPlexSans-SemiBold, SourceCodePro-Regular	Vercel	4.1.11
umso.com	CMS & site builders	Umso - The Website Builder For Everyone						Static/CSS	Light, muted	ABCFavorit-Regular-Trial.woff2, ABCFavorit-Regular.woff2		
wagtail.org	CMS & site builders	Wagtail CMS - Django Content Management System					Font Awesome	Static/CSS	Light + dark (follows OS), muted, violet accent · video	Kumbh Sans	Cloudflare	
wix.com	CMS & site builders	Website Builder - Create a Free Website In Minutes   Wix.com	React	Wix	Emotion	View Transitions API		JS motion	Light, green accent · marquee · video · canvas	wix-madefor-text-v2, wix-madefor-display-v2	Fastly	
wordpress.com	CMS & site builders	WordPress.com: Everything You Need to Build Your Website		WordPress				Static/CSS	Mid-tone, vivid, blue accent · serif display	inter-web, inter-variable-web	nginx	
0.email	Open-source apps	Zero	Remix/React Router		shadcn/ui (likely), Tailwind	View Transitions API	Recharts, Tiptap/ProseMirror, cmdk, Sonner, lucide icons	JS motion	Light + dark (follows OS), muted · mono accents	Geist, Geist Mono	Cloudflare	4.1.11
codeberg.org	Open-source apps	Codeberg.org	htmx, Vue		Bootstrap, Tailwind			Static/CSS	Light + dark (follows OS), vivid, teal accent	system-ui-ja, system-ui-zh-cn		
docmost.com	Open-source apps	Enterprise-ready Wiki for Teams   Docmost	Next.js		Mantine			Static/CSS	Light, muted, blue accent		Cloudflare	
forgejo.org	Open-source apps	Forgejo – Beyond coding. We forge.	Astro		Tailwind			Static/CSS	Mid-tone, orange accent · span grid		nginx/1.30.5	4.3.3
frappe.io	Open-source apps	Frappe: Open Source Software			Tailwind		Tiptap/ProseMirror	Static/CSS	Light + dark (follows OS), muted · serif display	InterVar, Newsreader	frappe cloud	
getinboxzero.com	Open-source apps	Inbox Zero   Automate and clean your inbox	Next.js		shadcn/ui (likely), Radix, Headless UI, Tailwind, Registry motion classes	Unicorn Studio	Recharts, cmdk, Sonner, lucide icons	3D/WebGL	Light, muted, blue accent · span grid · marquee	Geist, aeonikFont	Vercel	
gitea.com	Open-source apps	Gitea Official Website	Nuxt		Headless UI, Tailwind			Static/CSS	Light + dark (follows OS), muted, green accent · span grid	Inter	Cloudflare	3.3.5
hatchet.run	Open-source apps	Hatchet   The orchestration engine for teams who ship	React			Motion (Framer Motion), CSS scroll-driven		Scroll-choreographed	Dark, vivid · canvas	dm-mono, martina	Vercel	
home-assistant.io	Open-source apps	Home Assistant						Static/CSS	Light, vivid, teal accent · video	Figtree	Netlify	
huly.io	Open-source apps	Everything App for your teams	Next.js		Tailwind	Motion (Framer Motion), Rive		JS motion	Dark, blue accent	Inter	Cloudflare	3.4.3
immich.app	Open-source apps	Immich	SvelteKit		Tailwind			Static/CSS	Light + dark (follows OS), muted, blue accent	Google Sans	Cloudflare	4.3.3
jellyfin.org	Open-source apps	The Free Software Media System   Jellyfin	React				Swiper, lucide icons	Static/CSS	Dark, vivid, teal accent	Noto Sans	GitHub Pages	
kan.bn	Open-source apps	Kan.bn   The open source alternative to Trello	Next.js		Headless UI, Tailwind			Static/CSS	Light + dark (follows OS), muted · marquee	Plus Jakarta Sans	Cloudflare	
marmelab.com	Open-source apps	Web, Mobile & AI Development Studio in France   Marmelab	Astro		Headless UI, Tailwind	Lottie	lucide icons	JS motion	Light, muted · canvas	Instrument Sans, Inter	GitHub Pages	
odoo.com	Open-source apps	Open Source ERP and CRM   Odoo			Bootstrap		Font Awesome	Static/CSS	Light, muted · marquee · video	FontAwesome, odoo_ui_icons	nginx	
openproject.org	Open-source apps	OpenProject - Open Source Project Management Software			Bootstrap	Lottie		JS motion	Mid-tone, vivid, blue accent · mono accents · video	Lato, Space Mono	nginx	
planka.app	Open-source apps	PLANKA - Self-Hosted Kanban Board for Agile Teams			Tailwind, Registry motion classes			JS motion	Dark, yellow accent	Inter	nginx	3.4.19
refine.dev	Open-source apps	Refine: Build Enterprise Grade Internal Tools With AI	Next.js		Radix, MUI, daisyUI, Tailwind		Recharts, cmdk, Sonner, lucide icons	Static/CSS	Dark, teal accent · mono accents · span grid · marquee	JetBrains Mono	Netlify	
taiga.io	Open-source apps	Taiga: Your opensource agile project management software						Static/CSS	Light, muted, teal accent	Ubuntu	nginx	
typebot.io	Open-source apps	Typebot	React		shadcn/ui (likely), Base UI, Tailwind, Registry motion classes	Motion (Framer Motion), CSS scroll-driven		Scroll-choreographed	Dark, muted · marquee · video	Uxum Grotesque, Untitled Sans	Vercel	4.1.16
usememos.com	Open-source apps	Memos - Open-Source, Self-Hosted Note-Taking App	Next.js		shadcn/ui (likely), Tailwind		lucide icons	Static/CSS	Light + dark (follows OS), muted · serif display · span grid	Inter, Source Serif 4	Cloudflare	
vikunja.io	Open-source apps	Vikunja: The task manager you actually own	Astro		Tailwind			Static/CSS	Light + dark (follows OS), muted, blue accent	Open Sans, Quicksand	Cloudflare	4.3.3
affinity.studio	Design & creative tools	Affinity   Professional Creative Software, Free for Everyone				Rive		JS motion	Dark, muted, green accent · video	Canva Sans	Cloudflare	
are.na	Design & creative tools	Are.na	Next.js		Radix			Static/CSS	Light + dark (follows OS), muted · marquee	areal	Vercel	
artboard.studio	Design & creative tools	Artboard Studio ⎯ Online Mockup Generator & Editor for Desi…		Webflow		GSAP, GSAP ScrollTrigger	lucide icons	Scroll-choreographed	Light, green accent · video	webflow-icons	Cloudflare	
cavalry.scenegroup.co	Design & creative tools	Free 2D animation & motion graphics software for Mac and Wi…	Astro					Static/CSS	Mid-tone, vivid, violet accent · video	Canva Sans-65f8d9fc23ecf321	AWS CloudFront	
coolors.co	Design & creative tools	Coolors - The super fast color palettes generator!						Static/CSS	Light, muted · marquee · video · canvas	Coolors-Inter, Nucleo	Cloudflare	
cosmos.so	Design & creative tools	Cosmos	Next.js	Sanity	Base UI, Tailwind	Motion (Framer Motion), View Transitions API	Tiptap/ProseMirror	JS motion	Light, muted · marquee · video	cosmosOracle, basisMono	AWS CloudFront	
figma.com	Design & creative tools	Figma: The collaborative canvas for design, code, and AI	Next.js	Sanity	Emotion	Motion (Framer Motion), Rive	Embla Carousel, Font Awesome	JS motion	Light, red accent · marquee	figmaSans, figmaMono	Netlify	
fontshare.com	Design & creative tools	Fontshare: Quality Fonts. Free.	Vue		Tailwind			Static/CSS	Light + dark (follows OS)	Passenger-Sans	AWS CloudFront	2.2.19
framer.com	Design & creative tools	Framer: AI design agent		Framer (site builder), Shopify storefront		Motion (Framer Motion)		JS motion	Dark, blue accent · serif display · video	Inter, Inter Display	Framer	
heroicons.com	Design & creative tools	Heroicons	Next.js		Headless UI, Ant Design, Tailwind	Motion (Framer Motion)	Heroicons	JS motion	Light, muted	Inter var	Vercel	3.4.3
huemint.com	Design & creative tools	Huemint - AI color palette generator				three.js		3D/WebGL	Dark, muted	Jost*	Cloudflare	
iconify.design	Design & creative tools	Iconify Design: All popular icon sets, one framework.	Vue					Static/CSS	Light + dark (follows OS), muted, teal accent	Inter, Punctuation SC	Cloudflare	
jitter.video	Design & creative tools	Jitter · A fast and simple motion design tool on the web	Remix/React Router			Motion (Framer Motion), Lottie		JS motion	Light, muted · marquee	Inter, TWK Lausanne	Cloudflare	
kittl.com	Design & creative tools	Kittl   The AI-First Design Platform for Creators	Next.js	Webflow	Radix, styled-components	CSS scroll-driven	Vaul	Scroll-choreographed	Light, green accent · serif display	Druk, Inter	Cloudflare	
lucide.dev	Design & creative tools	Lucide	Vue		Headless UI	Motion (Framer Motion), View Transitions API	lucide icons	JS motion	Light + dark (follows OS), muted	Inter, Punctuation SC	Vercel	
magicpatterns.com	Design & creative tools	AI Design Tool for Product Teams   Magic Patterns	Next.js		Radix, Base UI, Tailwind, Registry motion classes		Tiptap/ProseMirror, Lexical, Sonner, lucide icons	JS motion	Light, muted · span grid · marquee · canvas	Segoe UI (Custom), Open Sans (Custom)	Vercel	
mobbin.com	Design & creative tools	Mobbin — UI & UX design inspiration for mobile & web apps		Framer (site builder)		Motion (Framer Motion)		JS motion	Light, muted · video	Inter, Recital	Vercel	
penpot.app	Design & creative tools	Penpot: The open-source design platform for teams.	Next.js		Radix	Motion (Framer Motion)	lucide icons	JS motion	Light, teal accent · mono accents · marquee	Work Sans, slick	Cloudflare	
phosphoricons.com	Design & creative tools	Phosphor Icons	React		Emotion	Motion (Framer Motion)	Phosphor icons	JS motion	Light, green accent · mono accents	Manrope, IBM Plex Mono	apache	
pixelmator.com	Design & creative tools	Pixelmator Pro - Apple				three.js		3D/WebGL	Dark, muted · marquee · video	Apple Legacy Chevron, Apple Icons 100	apple	
procreate.com	Design & creative tools	Procreate — Creative apps designed for iPad	Nuxt	Sanity	Tailwind			Static/CSS	Dark, orange accent · marquee · video	Frank Ruhl Libre	AWS CloudFront	
protopie.io	Design & creative tools	ProtoPie: AI-driven Prototyping Platform		Framer (site builder)			Material Symbols	Static/CSS	Light, muted, blue accent · mono accents · video	Inter, Noto Sans	Framer	
realtimecolors.com	Design & creative tools	Realtime Colors	Astro		shadcn/ui (likely), MUI, daisyUI, Emotion			Static/CSS	Light, blue accent · mono accents	Fira Code	Vercel	
relume.io	Design & creative tools	Relume — Build a marketing site you’d actually publish	React	Webflow	Radix	three.js, GSAP, GSAP ScrollTrigger, Lottie	Material Symbols	3D/WebGL	Light, muted, pink accent · mono accents · marquee · video	Relative, Geist	Cloudflare	
rotato.app	Design & creative tools	Rotato: 3D Mockup Generator & Animator	Next.js		shadcn/ui (likely), Headless UI, Tailwind	Motion (Framer Motion)	lucide icons	JS motion	Dark, muted, orange accent · serif display · span grid · marquee · video	Playfair Display, walsheim	Vercel	
savee.com	Design & creative tools	Savee	Next.js		Headless UI, Tailwind		Sonner	Static/CSS	Dark, muted · span grid · marquee · video			
shots.so	Design & creative tools	Shots - Create Amazing Mockups	Next.js		Radix, Tailwind	Motion (Framer Motion)	AG Grid	JS motion	Light + dark (follows OS), orange accent · video	Inter, Comforter Brush	Cloudflare	4.1.14
sketch.com	Design & creative tools	Sketch · Design, prototype, collaborate and handoff	Hotwire/Turbo				Swiper	Static/CSS	Light · mono accents · marquee · video	Caveat, Reckless	Netlify	
streamlinehq.com	Design & creative tools	Download PNG & SVG Icons: Your Ultimate Icon Library	Next.js		Headless UI, Tailwind		Heroicons, Font Awesome, Material Symbols	Static/CSS	Light, muted	GeistSans, NeueFont	Vercel	4.3.3
tabler.io	Design & creative tools	Tabler Admin Template: Responsive HTML Dashboard with Clean…	Next.js		Headless UI, Tailwind	Lenis, Motion (Framer Motion)	ApexCharts, Sonner	Scroll-choreographed	Light + dark (follows OS), blue accent · mono accents	Inter, JetBrains Mono	Vercel	
thenounproject.com	Design & creative tools	10M Free Icons & Stock Photos   SVG & PNG   Download Today	Next.js, Remix/React Router		Radix, styled-components			Static/CSS	Dark, orange accent	ArbeitRegular, ArbeitMedium	nginx/1.22.1	
tints.dev	Design & creative tools	Tailwind CSS 11-color Palette Generator and API	Remix/React Router		Headless UI, Tailwind		Heroicons	Static/CSS	Light, muted, violet accent · span grid	Inter	Cloudflare	4.3.0
typewolf.com	Design & creative tools	What’s Trending in Type   Typewolf						Static/CSS	Light, orange accent	DomaineText, Dia	apache	
uicolors.app	Design & creative tools	Tailwind CSS Colors - All colors + Custom color generator	Nuxt		shadcn/ui (likely), Tailwind		ECharts, cmdk	Static/CSS	Light, green accent · serif display · mono accents · span grid	Google Sans Flex, Lora	Netlify	
uizard.io	Design & creative tools	UI Design Made Easy, Powered By AI   Uizard	Gatsby	Sanity	styled-components			Static/CSS	Dark, violet accent	Satoshi-Variable, Satoshi-VariableItalic	AWS CloudFront	
uxpilot.ai	Design & creative tools	UX Pilot - Superfast UX/UI Design with AI	Next.js		shadcn/ui (likely), Radix, Headless UI, Bootstrap, Tailwind, Registry motion classes		lucide icons	JS motion	Light, violet accent · marquee · video	Caveat	Vercel	3.4.7
visily.ai	Design & creative tools	Visily - AI-powered UI design software		WordPress		GSAP, GSAP ScrollTrigger, Lenis, Lottie	Swiper, Splide, Font Awesome	Scroll-choreographed	Light, muted · marquee · video	Manrope, eicons	AWS CloudFront	
webflow.com	Design & creative tools	Webflow: The agentic web platform for modern businesses		Webflow		three.js, GSAP, GSAP ScrollTrigger, Lenis	Swiper	3D/WebGL	Light + dark (follows OS), blue accent · marquee · video	webflow-icons, WF Visual Sans		
21st.dev	UI libraries & design systems	React Components, Templates & Themes — 12,000+ Crafted UI  …	Next.js		shadcn/ui (likely), Radix, Tailwind	View Transitions API	Recharts, cmdk, Sonner, Vaul, lucide icons	JS motion	Dark, vivid, blue accent · serif display · marquee · video	Averia Serif Libre, General Sans	Vercel	4.3.2
aceternity.com	UI libraries & design systems	Aceternity - Crafting High-Performance Websites	Next.js		Radix, Tailwind	three.js, React Three Fiber, Motion (Framer Motion), react-spring		3D/WebGL	Light, muted, blue accent · mono accents	Inter, Geist Mono	Vercel	
alignui.com	UI libraries & design systems	AlignUI Design System - Design and development perfectly al…	Next.js		Radix, Tailwind	Motion (Framer Motion)	cmdk	JS motion	Light, muted	Inter, GeistMono	Cloudflare	3.4.14
animate-ui.com	UI libraries & design systems	Animate UI - Animated React Components	Next.js		shadcn/ui (likely), Radix, Tailwind	Motion (Framer Motion), react-spring		JS motion	Light + dark (follows OS), muted	Dancing Script, Outfit	Vercel	4.1.13
ant.design	UI libraries & design systems	Ant Design - The world's second most popular React UI frame…			Ant Design, Tailwind, Emotion			Static/CSS	Light + dark (follows OS), muted · canvas	AlibabaSans	GitHub Pages	
ark-ui.com	UI libraries & design systems	Ark UI	Next.js		Ark UI / Zag		lucide icons	Static/CSS	Light + dark (follows OS), red accent · mono accents · marquee	Roboto Mono, Wix Madefor Text	Vercel	
astryx.atmeta.com	UI libraries & design systems	Astryx Design System	Next.js		Astryx	CSS scroll-driven	lucide icons	Scroll-choreographed	Light + dark (follows OS), blue accent	Albert Sans	Vercel	
atlassian.design	UI libraries & design systems	Atlassian Design	Gatsby	Contentful	Emotion	Lottie	ECharts	JS motion	Light + dark (follows OS), muted, blue accent		AWS CloudFront	
base-ui.com	UI libraries & design systems	Unstyled UI components for accessible design systems · Base…	Next.js		Base UI, Tailwind			Static/CSS	Light + dark (follows OS), muted · mono accents	die grotesk a, die grotesk b	Netlify	4.2.4
baseweb.design	UI libraries & design systems		Next.js					Static/CSS	Light + dark (follows OS), muted	UberMove, UberMoveText	Cloudflare	
blocks.so	UI libraries & design systems	Shadcn Blocks - 60+ Free shadcn/ui Components for React	Next.js		shadcn/ui (likely), Base UI, Tailwind	CSS scroll-driven	Recharts, cmdk, Sonner	Scroll-choreographed	Light + dark (follows OS), muted	fontSans, fontMono	Cloudflare	
carbondesignsystem.com	UI libraries & design systems		Gatsby					Static/CSS	Light, blue accent · serif display	IBM Plex Sans, IBM Plex Sans Condensed	GitHub Pages	
catalyst.tailwindui.com	UI libraries & design systems	Catalyst UI Kit	Next.js		Headless UI, Tailwind	Motion (Framer Motion)		JS motion	Light + dark (follows OS), muted · span grid		Vercel	4.3.3
chakra-ui.com	UI libraries & design systems	Chakra UI	Next.js		Ark UI / Zag, Chakra UI, Emotion		Tiptap/ProseMirror	Static/CSS	Light + dark (follows OS), muted, violet accent · marquee	Roboto, Inter	Vercel	
daisyui.com	UI libraries & design systems	daisyUI - Tailwind CSS Component Library	SvelteKit, htmx		HeroUI/NextUI, daisyUI, Flowbite, Tailwind			Static/CSS	Light, muted	Outfit	GitHub Pages	4.3.3
efferd.com	UI libraries & design systems	Efferd - Beautiful Shadcn blocks for Busy & Smart devs.	Next.js		shadcn/ui (likely), Radix, Base UI, Tailwind, Registry motion classes	Motion (Framer Motion)	Recharts, cmdk, Sonner, Vaul, lucide icons, Phosphor icons	JS motion	Light + dark (follows OS), muted · mono accents · span grid	Geist, Geist Mono	Vercel	
eldoraui.site	UI libraries & design systems	Eldora UI	Next.js		shadcn/ui (likely), Radix, Tailwind, Registry motion classes	Motion (Framer Motion), View Transitions API	cmdk, Sonner, lucide icons	JS motion	Dark, teal accent · mono accents · span grid · marquee	Inter, Geist	Vercel	4.1.13
element-plus.org	UI libraries & design systems	A Vue 3 UI Framework   Element Plus	Vue, React		Radix	View Transitions API	lucide icons	JS motion	Light + dark (follows OS), muted, blue accent · marquee	Inter	GitHub Pages	
flowbite.com	UI libraries & design systems		Next.js		Flowbite, Tailwind			Static/CSS	Light + dark (follows OS), blue accent		AWS CloudFront	3.4.17
fluent2.microsoft.design	UI libraries & design systems	Home - Fluent 2 Design System	Astro					Static/CSS	Light + dark (follows OS), muted	Segoe UI, Cascadia Code		
flyonui.com	UI libraries & design systems	FlyonUI - Free Tailwind CSS UI Components Library	Next.js		daisyUI, Tailwind, Registry motion classes	Motion (Framer Motion)		JS motion	Light, violet accent · mono accents · span grid · marquee	Inter, Fira Code	Vercel	4.2.4
gluestack.io	UI libraries & design systems	gluestack: React & React Native UI components library for W…	Next.js		shadcn/ui (likely), React Aria, Tailwind, Emotion		Recharts, Lexical, cmdk, lucide icons	Static/CSS	Dark, muted, blue accent · mono accents · video	Roboto, Source Code Pro	Vercel	3.4.19
headlessui.com	UI libraries & design systems	Headless UI - Unstyled, fully accessible UI components	Next.js		Headless UI, Tailwind			Static/CSS	Dark, muted		Vercel	4.3.2
heroui.com	UI libraries & design systems	HeroUI v3 (Previously NextUI) - Beautiful by default, custo…	Next.js		shadcn/ui (likely), Radix, React Aria, HeroUI/NextUI, Tailwind	View Transitions API, CSS scroll-driven	lucide icons	Scroll-choreographed	Light + dark (follows OS), muted, blue accent · span grid · marquee	Inter	Vercel	
hover.dev	UI libraries & design systems	Animated UI Components and Templates for React and Tailwind…	Next.js		Tailwind	Motion (Framer Motion)		JS motion	Light, blue accent	Poppins	Vercel	
hyperui.dev	UI libraries & design systems	Free Tailwind CSS Components   HyperUI	Astro		Tailwind	View Transitions API	lucide icons	JS motion	Light, muted	Google Sans Flex-bdcab27ebc8492bd	Cloudflare	4.3.3
inspira-ui.com	UI libraries & design systems		Nuxt		shadcn/ui (likely), Flowbite, Tailwind, Registry motion classes	Lenis, Motion (Framer Motion)	Heroicons, Font Awesome, Material Symbols	Scroll-choreographed	Light + dark (follows OS), muted · mono accents · marquee	JetBrains Mono, Plus Jakarta Sans	Cloudflare	4.1.14
kokonutui.com	UI libraries & design systems	KokonutUI - Free Open Source UI Components for React and Ta…	Next.js		Radix, Tailwind	Motion (Framer Motion)	Vaul, lucide icons	JS motion	Light + dark (follows OS), red accent · span grid	Geist	Vercel	
m3.material.io	UI libraries & design systems	Material Design					Lexical, Material Symbols	Static/CSS	Light + dark (follows OS), blue accent · mono accents	Google Sans Text, Google Sans	google frontend	
magicui.design	UI libraries & design systems	Magic UI	Next.js		shadcn/ui (likely), Radix, Tailwind, Registry motion classes	Motion (Framer Motion), View Transitions API	cmdk, Sonner, lucide icons	JS motion	Light, blue accent · mono accents · span grid · marquee	Inter, Geist Mono	Vercel	4.3.3
mantine.dev	UI libraries & design systems	Mantine	Next.js		Mantine, Emotion		Recharts, Tiptap/ProseMirror, Swiper, Embla Carousel, Phosphor icons	Static/CSS	Light, muted, blue accent · marquee	Outfit	GitHub Pages	
merakiui.com	UI libraries & design systems	Meraki UI Tailwind CSS Components	Next.js	WordPress	Tailwind			Static/CSS	Light + dark (follows OS), blue accent · span grid	Roboto	Netlify	4.3.1
motion-primitives.com	UI libraries & design systems	Motion-Primitives - UI kit to make beautiful, animated inte…	Next.js		shadcn/ui (likely), Radix, Tailwind	Motion (Framer Motion), react-spring	lucide icons	JS motion	Light + dark (follows OS), muted	Inter, GeistMono	Cloudflare	4.0.0
mui.com	UI libraries & design systems	MUI: The React component library you always wanted	Next.js		MUI, Tailwind, Emotion		Font Awesome, Material Symbols	Static/CSS	Light + dark (follows OS), vivid, blue accent	Roboto, Inter	Netlify	4.3.3
nativewind.dev	UI libraries & design systems	Nativewind	Next.js		Radix, Tailwind		lucide icons	Static/CSS	Light + dark (follows OS), muted · span grid · canvas	Inter	Vercel	4.1.4
originui.com	UI libraries & design systems	A new, modern UI component library built on top of Base UI …	Next.js		shadcn/ui (likely), Base UI, Tailwind		lucide icons	Static/CSS	Light + dark (follows OS), muted	fontSans, fontMono	Vercel	
panda-css.com	UI libraries & design systems	Panda CSS - Build modern websites using build time and type…	Next.js		Ark UI / Zag			Static/CSS	Light + dark (follows OS), vivid, yellow accent · marquee	Onest, Source Code Pro	Vercel	
park-ui.com	UI libraries & design systems	Home   Park UI	Next.js		React Aria, Ark UI / Zag	Motion (Framer Motion)	lucide icons	JS motion	Light + dark (follows OS), muted · mono accents	Inter, Roboto Mono		
polaris.shopify.com	UI libraries & design systems	Polaris references	Remix/React Router	Shopify storefront	Radix			Static/CSS	Light + dark (follows OS), muted	Inter	envoy	
preline.co	UI libraries & design systems	Free Tailwind CSS UI Components Library   Preline UI	Laravel		Tailwind	Motion (Framer Motion)	ApexCharts, Mapbox/MapLibre/Leaflet	JS motion	Light, muted, blue accent · span grid · marquee	Inter, Domine	nginx/1.18.0 (ubuntu)	4.3.3
primeng.org	UI libraries & design systems	PrimeNG - Angular UI Component Library	Angular		PrimeReact/PrimeVue, Tailwind		Chart.js	Static/CSS	Light + dark (follows OS), muted · marquee · canvas	Roboto, primeicons	Vercel	
primer.style	UI libraries & design systems	Primer	Next.js					Static/CSS	Light, blue accent · marquee	Mona Sans, MonaSansFallback	GitHub Pages	
primereact.org	UI libraries & design systems	PrimeReact - React UI Component Library	Next.js		PrimeReact/PrimeVue, Tailwind			Static/CSS	Light, muted · mono accents · marquee · canvas	Geist Mono, primeicons	Vercel	
primevue.org	UI libraries & design systems	PrimeVue - Vue UI Component Library	Nuxt		PrimeReact/PrimeVue, Tailwind		Chart.js	Static/CSS	Light + dark (follows OS), muted · span grid · marquee · canvas	primeicons	Vercel	4.3.3
quasar.dev	UI libraries & design systems	Quasar Framework					Material Symbols	Static/CSS	Dark, orange accent		nginx	
radix-ui.com	UI libraries & design systems	Radix UI	Next.js		Radix			Static/CSS	Light + dark (follows OS)	Segoe UI (Custom), Open Sans (Custom)	Vercel	
react-spectrum.adobe.com	UI libraries & design systems	React Spectrum	React		Radix, React Aria	View Transitions API, CSS scroll-driven	lucide icons	Scroll-choreographed	Mid-tone, vivid, violet accent	adobe-clean-arabic, adobe-clean-hebrew	AWS CloudFront	
reactbits.dev	UI libraries & design systems	React Bits - Animated UI Components For React	React		Ark UI / Zag, Chakra UI, Tailwind, Emotion	three.js, GSAP, GSAP ScrollTrigger, Lenis, Motion (Framer Motion)	Sonner, lucide icons	3D/WebGL	Dark, muted · mono accents · marquee	Geist, Geist Mono	Cloudflare	4.1.13
reka-ui.com	UI libraries & design systems	Reka UI - Unstyled, fully accessible UI library   Reka UI	Vue		shadcn/ui (likely), Radix, React Aria, Tailwind		lucide icons	Static/CSS	Dark, muted · span grid	Inter, Geist	Cloudflare	
reui.io	UI libraries & design systems	Free Shadcn UI Components, Blocks, Icons, Templates & MCP -…	Next.js		shadcn/ui (likely), Radix, Base UI, Tailwind	CSS scroll-driven	Recharts, cmdk, Sonner, Vaul, Embla Carousel, lucide icons	Scroll-choreographed	Light + dark (follows OS), muted · marquee · canvas	Inter	Vercel	
sailboatui.com	UI libraries & design systems	Sailboat UI - Modern UI component library for Tailwind CSS	Alpine.js					Static/CSS	Light, muted	Inter	Cloudflare	
shadcn-svelte.com	UI libraries & design systems	The Foundation for your Design System - shadcn-svelte	SvelteKit, Svelte		shadcn/ui (likely), Tailwind	CSS scroll-driven	cmdk, Sonner, Vaul, lucide icons	Scroll-choreographed	Light + dark (follows OS), muted, blue accent · mono accents · span grid	Geist, Geist Mono	Cloudflare	4.3.3
shadcn-vue.com	UI libraries & design systems	The Foundation for your Design System - shadcn&#x2F;vue	Nuxt		shadcn/ui (likely), Tailwind	CSS scroll-driven	Recharts, cmdk, Sonner, lucide icons	Scroll-choreographed	Light + dark (follows OS), muted, green accent · mono accents · span grid	Geist, Geist Mono	Cloudflare	4.3.3
shadcn.io	UI libraries & design systems	The AI-Native shadcn/ui Component Library for React	Next.js		shadcn/ui (likely), Radix, Tailwind, Registry motion classes	View Transitions API, CSS scroll-driven	Recharts, Mapbox/MapLibre/Leaflet, Lexical, cmdk, Sonner, Vaul, lucide icons, Heroicons	Scroll-choreographed	Light, muted · span grid · marquee	GeistSans, GeistMono	Cloudflare	
shadcnblocks.com	UI libraries & design systems	Shadcnblocks shadcn/ui blocks & components	Astro		shadcn/ui (likely), Radix, Tailwind, Registry motion classes	View Transitions API, CSS scroll-driven	Recharts, Mapbox/MapLibre/Leaflet, Tiptap/ProseMirror, cmdk, Vaul, lucide icons	Scroll-choreographed	Light, muted · mono accents · span grid · marquee	IBM Plex Mono	Vercel	
shadcnstudio.com	UI libraries & design systems	Shadcn Studio - Shadcn UI Components, Blocks & Templates	Next.js		shadcn/ui (likely), Radix, Tailwind, Registry motion classes	Motion (Framer Motion)	Recharts, cmdk, Sonner, Vaul, lucide icons	JS motion	Light, muted · mono accents · span grid · marquee · video	Kalam, Geist Mono	Vercel	4.2.0
skiper-ui.com	UI libraries & design systems	Un-common Components for shadcn/ui   Skiper UI	Next.js		shadcn/ui (likely), Radix, Base UI, Tailwind, Registry motion classes	Motion (Framer Motion), CSS scroll-driven	cmdk, Sonner, Vaul, Swiper, lucide icons	Scroll-choreographed	Light + dark (follows OS), muted · mono accents · span grid · marquee · video	Plus Jakarta Sans, Geist Mono	Vercel	4.1.3
smoothui.dev	UI libraries & design systems	SmoothUI - Animated React Components for shadcn/ui   Motion…	Next.js		shadcn/ui (likely), Radix, Tailwind	Motion (Framer Motion), react-spring	Recharts, cmdk, Vaul, lucide icons	JS motion	Light + dark (follows OS), muted, violet accent · span grid	Plus Jakarta Sans, Poppins	Vercel	
spectrum.adobe.com	UI libraries & design systems	Spectrum, Adobe’s design system	Next.js		React Aria			Static/CSS	Light + dark (follows OS), vivid, blue accent		AWS CloudFront	
stylexjs.com	UI libraries & design systems	StyleX — styling system for ambitious interfaces	React		Radix, StyleX		lucide icons	Static/CSS	Dark, muted		Vercel	
syntaxui.com	UI libraries & design systems	SyntaxUI - Free React, Tailwind CSS & Framer UI Components	Next.js		Headless UI, Tailwind	Motion (Framer Motion)	Sonner, lucide icons	JS motion	Light, muted · marquee	GeistSans	Vercel	3.4.10
tailadmin.com	UI libraries & design systems	Free Tailwind CSS Admin Dashboard Template - TailAdmin	Next.js	Sanity	Tailwind		Swiper	Static/CSS	Light, muted, blue accent	Outfit	Cloudflare	3.4.19
tailark.com	UI libraries & design systems	Tailark	Next.js		shadcn/ui (likely), Radix, Base UI, Tailwind	CSS scroll-driven	Recharts, cmdk, Sonner	Scroll-choreographed	Light + dark (follows OS), muted · mono accents · span grid · video	Geist Mono, inter	Vercel	
tailwindcss.com/plus	UI libraries & design systems	Login - Tailwind Plus	Laravel, Inertia, React		Tailwind			Static/CSS	Light + dark (follows OS), muted · mono accents	IBM Plex Mono	Cloudflare	4.3.2
tailwindflex.com	UI libraries & design systems	3,000+ Free Tailwind CSS Examples	Laravel, Livewire, Alpine.js		Tailwind			Static/CSS	Light + dark (follows OS), muted, violet accent · span grid	Plus Jakarta Sans	Cloudflare	
tamagui.dev	UI libraries & design systems	Tamagui			Emotion	CSS scroll-driven		Scroll-choreographed	Light + dark (follows OS), muted · mono accents	Inter, Berkeley Mono	Railway	
tremor.so	UI libraries & design systems	Tremor – Copy-and-Paste Tailwind CSS UI Components for Char…	Next.js		Radix, React Aria, Tremor, Tailwind	three.js, React Three Fiber, react-spring	Recharts	3D/WebGL	Light, muted · span grid	GeistSans, JetBrainsMono	Vercel	4.1.14
tweakcn.com	UI libraries & design systems	Beautiful themes for shadcn/ui — tweakcn   Theme Editor & G…	Next.js		shadcn/ui (likely), Radix, Tailwind	View Transitions API	Recharts, Tiptap/ProseMirror, cmdk, Vaul	JS motion	Light + dark (follows OS), muted	Architects Daughter	Vercel	
ui.aceternity.com	UI libraries & design systems	Aceternity UI — React & Tailwind CSS Component Library	Next.js		shadcn/ui (likely), Radix, Tailwind, Registry motion classes	Motion (Framer Motion)	cmdk, Sonner, Vaul, lucide icons	JS motion	Light + dark (follows OS), muted, blue accent · span grid · marquee	Inter	Vercel	4.1.12
ui.lukacho.com	UI libraries & design systems	Lukacho UI   Components   Charts   Animations	Next.js		Tailwind, Registry motion classes	Motion (Framer Motion)	Swiper	JS motion	Light + dark (follows OS), muted · marquee	GeistSans, GeistMono	Vercel	3.4.1
ui.nuxt.com	UI libraries & design systems	The Intuitive Vue UI Library - Nuxt UI	Nuxt		shadcn/ui (likely), Flowbite, Tailwind	Motion (Framer Motion)	Tiptap/ProseMirror, Vaul, Heroicons, Font Awesome, Material Symbols	JS motion	Light + dark (follows OS), muted · mono accents · marquee	Public Sans, Geist Mono	Vercel	4.3.3
ui.shadcn.com	UI libraries & design systems	shadcn/ui - The Foundation for your Design System	Next.js		shadcn/ui (likely), Radix, Base UI, Tailwind	CSS scroll-driven	Recharts, cmdk, Sonner, Vaul, lucide icons, Phosphor icons	Scroll-choreographed	Light + dark (follows OS), muted · mono accents · span grid	Geist, Geist Mono	Vercel	
untitledui.com	UI libraries & design systems	Untitled UI — Figma UI Kit and React Component Library		Webflow		Lottie		JS motion	Light, muted, orange accent · marquee	Inter, webflow-icons	Cloudflare	
vanilla-extract.style	UI libraries & design systems	vanilla-extract — Zero-runtime Stylesheets-in-TypeScript.	React					Static/CSS	Light + dark (follows OS), vivid	Shrikhand, DM Sans	Netlify	
vuetifyjs.com	UI libraries & design systems	Vuetify — A Vue Component Framework	Vue				Material Symbols	Static/CSS	Light + dark (follows OS), blue accent · marquee	Roboto	Cloudflare	
000h.cojeev.com	shadcn registries	000h by Cojeev	Next.js		shadcn/ui (likely), Radix, Tailwind	Lenis, Motion (Framer Motion), View Transitions API	cmdk	Scroll-choreographed	Light + dark (follows OS), muted · marquee · canvas	DM Sans, Bricolage Grotesque	Cloudflare	
1771technologies.com	shadcn registries	1771 Technologies: LyteNyte, Fastest in Class React Data Gr…	Next.js		shadcn/ui (likely), Headless UI, Tailwind	Motion (Framer Motion)		JS motion	Dark, muted · span grid	Inter, Archivo	Vercel	3.4.17
1st-pouf.worksonmy.dev	shadcn registries	1st-Pouf — puffy, maximalist UI for React	Astro		Radix, Tailwind		Recharts, cmdk	Static/CSS	Light + dark (follows OS), violet accent	Nunito, Fredoka	Vercel	
23rd.dev	shadcn registries	23rd — Opinionated UI components for shippers	Next.js		shadcn/ui (likely), Base UI, Tailwind	Motion (Framer Motion), View Transitions API	cmdk, Sonner, lucide icons	JS motion	Light + dark (follows OS), muted · mono accents · marquee	Geist Mono, Geist	Cloudflare	
7ovr.com	shadcn registries	550+ shadcn/ui Blocks & Templates - 7Ovr	Next.js		shadcn/ui (likely), Radix, Base UI, Tailwind	Motion (Framer Motion), CSS scroll-driven	Recharts, cmdk, Sonner, Vaul	Scroll-choreographed	Light + dark (follows OS), muted · mono accents · span grid · marquee	IBM Plex Sans, Geist Mono	Vercel	
8bitcn.com	shadcn registries	Retro UI library - 8bitcn/ui	Next.js		shadcn/ui (likely), Radix, Tailwind		Recharts, cmdk, Sonner, Vaul	Static/CSS	Light + dark (follows OS), muted, orange accent	GeistSans, GeistMono	Vercel	
abui.io	shadcn registries	ABUI   Components, blocks, and utilities by Antonio Brandao.	Next.js		shadcn/ui (likely), Radix, Tailwind		Sonner, lucide icons	Static/CSS	Light + dark (follows OS), muted · mono accents	Geist, Geist Mono	Vercel	4.1.14
afterglow.thebuilder.dk	shadcn registries	Afterglow   Terminal UI for shadcn projects	Next.js		shadcn/ui (likely), Radix, Base UI, Tailwind		Recharts, cmdk, lucide icons	Static/CSS	Dark, muted, teal accent · mono accents · span grid · canvas	IBM Plex Mono, Inter	Vercel	4.3.3
agentblog.dev	shadcn registries	AgentBlog: an SEO and GEO complete blog for Next.js 16   Ag…	Next.js		shadcn/ui (likely), Radix, Tailwind		lucide icons	Static/CSS	Dark, muted · mono accents	Geist Mono, Geist	Vercel	
agentcn.vercel.app	shadcn registries	agentcn - Production-ready agents, made simple	Next.js		shadcn/ui (likely), Radix, Tailwind	Motion (Framer Motion), View Transitions API	cmdk, Sonner, Vaul, lucide icons	JS motion	Light + dark (follows OS), muted · mono accents	Inter, Geist Mono	Vercel	
agentui.pro	shadcn registries	AI Agent Components for React and Next.js · AgentUI	Next.js		shadcn/ui (likely), Tailwind, Registry motion classes	Lenis, Motion (Framer Motion)	lucide icons	Scroll-choreographed	Dark, muted · mono accents · span grid · marquee	Geist Mono, Geist	Vercel	
ai-sdk.dev/elements	shadcn registries	AI Elements	Next.js		shadcn/ui (likely), Radix, Tailwind		Recharts, cmdk, Sonner, Vaul, lucide icons	Static/CSS	Light + dark (follows OS), muted · mono accents · canvas	Geist, Geist Mono	Vercel	
ai2.design	shadcn registries	ai2 - agent-native design system	Next.js		shadcn/ui (likely), Radix, Tailwind	Motion (Framer Motion)	cmdk, Sonner, Vaul, lucide icons	JS motion	Light + dark (follows OS), muted · mono accents · span grid · marquee	Geist Mono, Geist	Vercel	
aicanvas.me	shadcn registries	React Component Registry: Components, Blocks & Design Syste…	Next.js		Tailwind	Motion (Framer Motion), View Transitions API		JS motion	Dark, muted, yellow accent · mono accents	Manrope, Science Gothic	Vercel	
akoder.xyz	shadcn registries	Aditya Ojha — Building SaaS in Public	Next.js		shadcn/ui (likely), Radix, Tailwind	Motion (Framer Motion), react-spring	cmdk, Vaul, lucide icons	JS motion	Light + dark (follows OS), muted · serif display · mono accents	Geist Mono, Instrument Serif	Vercel	
amicro.vercel.app	shadcn registries	Amicro — Premium React Micro-transitions & Interaction Comp…	React		Tailwind	Motion (Framer Motion)	Recharts, lucide icons	JS motion	Dark, muted	Outfit	Vercel	4.3.2
amplo.ale.design	shadcn registries	Amplo Color Picker	Next.js		Base UI, Tailwind		lucide icons	Static/CSS	Light + dark (follows OS), muted · mono accents · canvas	Geist Mono, Geist	Cloudflare	
animbits.dev	shadcn registries	Animbits - The Foundation for Interactive UI	Next.js		shadcn/ui (likely), Radix, Tailwind, Registry motion classes	Motion (Framer Motion), View Transitions API	lucide icons	JS motion	Light + dark (follows OS), muted · mono accents · span grid	Geist Mono, Geist	Vercel	4.1.11
aniui.dev	shadcn registries	AniUI — Beautiful React Native Components	Next.js		Radix, Tailwind	Motion (Framer Motion)	Recharts, cmdk, lucide icons	JS motion	Light + dark (follows OS), muted · mono accents · marquee	Inter, JetBrains Mono	Vercel	
approvals-ui.vercel.app	shadcn registries	approvals-ui: approval workflow components for React Flow	Next.js		shadcn/ui (likely), Tailwind		lucide icons	Static/CSS	Light + dark (follows OS), muted · mono accents	Geist Mono, Geist	Vercel	
ark-cn.vercel.app	shadcn registries	ARK CN	React		shadcn/ui (likely), Ark UI / Zag, Tailwind		lucide icons	Static/CSS	Light + dark (follows OS) · marquee	Geist	Vercel	4.2.4
assistant-ui.com	shadcn registries	assistant-ui · The frontend library for AI agents	Next.js		shadcn/ui (likely), Radix, Base UI, Tailwind		Recharts, Lexical, cmdk, Sonner, Vaul, lucide icons	Static/CSS	Light + dark (follows OS), muted · mono accents · marquee	JetBrains Mono, Public Sans	Vercel	
atelier-ui.com	shadcn registries	Atelier UI — Handcrafted React Animations & UI Components	Next.js		Radix, Tailwind	three.js, React Three Fiber, Motion (Framer Motion), react-spring	Sonner, lucide icons	3D/WebGL	Light + dark (follows OS), muted · serif display · mono accents · video	Geist, Geist Mono	Vercel	
atomloader.roothq.tech	shadcn registries	AtomLoader — 500+ Minimal Dot-Matrix Loaders for React	Next.js		shadcn/ui (likely), Base UI, Tailwind	CSS scroll-driven	Recharts, cmdk, Sonner	Scroll-choreographed	Light + dark (follows OS), muted · mono accents	JetBrains Mono, Plus Jakarta Sans	Vercel	
atroui.com	shadcn registries	AtroUI - Own the UI. Borrow the API.	Next.js		shadcn/ui (likely), Tailwind	Motion (Framer Motion), View Transitions API	cmdk, lucide icons	JS motion	Dark, muted · mono accents · span grid	Geist Mono, Caveat	Vercel	4.3.3
awwwardedui.vercel.app	shadcn registries	AwwwardWinning UI	Next.js		shadcn/ui (likely), Tailwind		lucide icons	Static/CSS	Light + dark (follows OS), muted · marquee		Vercel	
basecn.dev	shadcn registries	shadcn/ui components powered by Base UI	Next.js		shadcn/ui (likely), Radix, Base UI, Tailwind	Motion (Framer Motion)	cmdk, Sonner, Vaul, lucide icons	JS motion	Light + dark (follows OS), muted	Inter	Vercel	
baselayer.dev	shadcn registries	BaseLayer	Next.js		React Aria, Tailwind		lucide icons	Static/CSS	Light, muted	GeistSans, GeistMono	Vercel	4.1.10
benday.kacemmathlouthi.dev	shadcn registries	benday — your logo, halftoned into a thinking indicator	Remix/React Router		shadcn/ui (likely), Base UI, Tailwind	Motion (Framer Motion)	lucide icons	JS motion	Dark, muted · mono accents · canvas	Geist Mono, Geist	Vercel	4.3.3
better-auth-ui.com	shadcn registries	Better Auth UI	React		Radix, HeroUI/NextUI, Tailwind		Sonner, lucide icons	Static/CSS	Light + dark (follows OS), muted		Cloudflare	4.3.3
better-upload.com	shadcn registries	Better Upload - Simple and easy file uploads for React	Next.js		shadcn/ui (likely), Radix, Tailwind		Sonner, lucide icons	Static/CSS	Light + dark (follows OS), muted	Geist	Cloudflare	
beui.dev	shadcn registries	Animated Components for React and Next.js · beUI	Next.js		shadcn/ui (likely), Tailwind, Registry motion classes	Lenis, Motion (Framer Motion)	lucide icons	Scroll-choreographed	Dark, muted · mono accents · marquee	Geist Mono, Geist	Cloudflare	
billingsdk.com	shadcn registries	Billing SDK - Modern Billing & Monetization Components	Next.js	Framer (site builder)	shadcn/ui (likely), Radix, Tailwind	Motion (Framer Motion)	Lexical, lucide icons	JS motion	Dark · span grid	Kalam, Inter	Vercel	
binnodon.github.io/gc-solid-ui	shadcn registries		SolidJS		shadcn/ui (likely), React Aria, Tailwind		cmdk, Vaul, lucide icons	Static/CSS	Light + dark (follows OS), muted · mono accents	Geist, Geist Mono	GitHub Pages	4.1.18
bits-ui.netlify.app	shadcn registries	Custom Registry - Components, Hooks & Utils	Next.js		shadcn/ui (likely), Radix, Tailwind	Motion (Framer Motion)	lucide icons	JS motion	Light, muted · mono accents	Geist, Geist Mono	Netlify	
blobatar.dev	shadcn registries	blobatar — deterministic geometric blobatars			Radix, Tailwind			Static/CSS	Dark, muted · mono accents · canvas	Geist, Geist Mono	Cloudflare	4.1.14
blockforge.terravidhal.me	shadcn registries	Blockforge — Production-grade shadcn blocks, forged to ship	Next.js		shadcn/ui (likely), Radix, Base UI, Tailwind, Registry motion classes	View Transitions API	cmdk, lucide icons	JS motion	Dark, muted · mono accents · span grid · marquee	Geist Mono, Geist	Vercel	
blode.co/ui	shadcn registries	Blode UI: shadcn-style React components for Tailwind v4	Next.js		shadcn/ui (likely), Radix, Base UI, Tailwind	CSS scroll-driven	cmdk, Sonner, lucide icons	Scroll-choreographed	Light, muted	glide, glideMono	Vercel	
boldkit.dev	shadcn registries	BoldKit — Neubrutalism UI for React & Vue 3	Remix/React Router		shadcn/ui (likely), Radix, Tailwind, Registry motion classes	View Transitions API	Recharts, cmdk, Sonner	JS motion	Light, red accent · mono accents · marquee	Bebas Neue, Share Tech Mono	Vercel	
brainless.swerdlow.dev	shadcn registries	brainless	Next.js		shadcn/ui (likely), Radix, Tailwind		cmdk, lucide icons	Static/CSS	Dark, muted · mono accents	Geist Mono, Geist	Vercel	
brut-ui.site	shadcn registries	BRUT/UI — A Neo-Brutalist shadcn Registry	Next.js		shadcn/ui (likely), Base UI, Tailwind	CSS scroll-driven	Recharts, cmdk, lucide icons	Scroll-choreographed	Light, yellow accent · span grid		Vercel	
build.abs.xyz	shadcn registries	AGW Reusables - AGW Reusables	Next.js		shadcn/ui (likely), Radix, Tailwind	Motion (Framer Motion)	Recharts, cmdk, Sonner, Vaul, lucide icons	JS motion	Light, muted, red accent · mono accents	Inter, Geist	Vercel	4.1.3
bundui.io	shadcn registries	Bundui: Tailwind CSS & shadcn/ui components, UI blocks, exa…	Next.js		shadcn/ui (likely), Radix, Tailwind	Motion (Framer Motion), react-spring	Recharts, cmdk, Sonner, Vaul, lucide icons	JS motion	Light, muted · marquee	Plus Jakarta Sans, Cal Sans	Vercel	
cardcn.dev	shadcn registries	Shadcn Card   Cardcn	React		shadcn/ui (likely), Tailwind		Vaul	Static/CSS	Dark, muted		Cloudflare	
catalogs.dev	shadcn registries	Choose what feels right. Your agent builds from there.   Ca…	React		shadcn/ui (likely), Base UI, Tailwind		lucide icons	Static/CSS	Light + dark (follows OS), muted · span grid · video	Hanken Grotesk	Vercel	4.3.2
chamaac.com	shadcn registries	Chamaac UI   High-Performance Shaders & UI Components	Next.js		shadcn/ui (likely), Radix, Tailwind	Motion (Framer Motion)	cmdk, lucide icons	JS motion	Light + dark (follows OS), muted · serif display · mono accents · span grid · video	Geist Mono, Space Grotesk	Vercel	
chanhdai.com/components	shadcn registries	Components – Chánh Đại	Next.js		shadcn/ui (likely), Radix, Base UI, Tailwind	Motion (Framer Motion), CSS scroll-driven	cmdk, lucide icons	Scroll-choreographed	Light + dark (follows OS), muted · serif display · span grid · marquee	Caveat, IBM Plex Serif	Vercel	
clerk.com/docs/guides/development/shadcn-cli	shadcn registries	Install Clerk with shadcn/ui CLI - Development - Next.js   …	Next.js		Radix, React Aria, Tailwind	Motion (Framer Motion)		JS motion	Light + dark (follows OS), muted	suisse, soehneMono	Vercel	
cligentic.railly.dev	shadcn registries	cligentic: Copy-paste CLI blocks for the agent era	Next.js		Tailwind			Static/CSS	Dark, muted, orange accent · mono accents	Inter, JetBrains Mono	Vercel	
cognicatch.dev	shadcn registries	CogniCatch	React		Radix, Tailwind	Motion (Framer Motion)	Sonner, lucide icons	JS motion	Light + dark (follows OS), orange accent		Cloudflare	4.2.1
commercn.com	shadcn registries	CommerCN   Shadcn Ecommerce UI Blocks	Next.js		shadcn/ui (likely), Radix, Tailwind	Lottie	lucide icons	JS motion	Light + dark (follows OS), muted · canvas	Syne	Vercel	
componentry.fun	shadcn registries	Componentry — Beautiful Animated UI Components for React	Next.js		shadcn/ui (likely), Base UI, Tailwind	Motion (Framer Motion)	lucide icons	JS motion	Dark, muted · serif display · mono accents · marquee · canvas	Geist, JetBrains Mono	Vercel	
contentbit.dev	shadcn registries	Programmatic SEO content infrastructure	Next.js		shadcn/ui (likely), Radix, Tailwind	CSS scroll-driven	lucide icons	Scroll-choreographed	Light + dark (follows OS), muted · canvas	GeistSans, GeistMono	Railway	
corecn.vercel.app	shadcn registries	CoreCN Registry	Next.js		shadcn/ui (likely), Radix, Tailwind		Recharts, cmdk, Vaul	Static/CSS	Light, muted · mono accents	Geist Mono, Geist	Vercel	4.3.0
crafterui.com	shadcn registries	crafterui - Less is more	Next.js		shadcn/ui (likely), Tailwind, Registry motion classes			JS motion	Light, muted	GeistSans, GeistMono	Vercel	4.3.3
craftui.space	shadcn registries	CraftUI - Interactive SVG Icons & UI Components Library	Next.js		shadcn/ui (likely), Radix, Tailwind, Registry motion classes	Motion (Framer Motion), CSS scroll-driven	cmdk, Sonner	Scroll-choreographed	Light + dark (follows OS), muted, blue accent · serif display · mono accents · marquee · video	Playfair Display, Geist	Vercel	
creative-tim.com/ui	shadcn registries	Creative Tim UI - 100+ shadcn/ui Blocks AI ready for v0, Lo…	Next.js		shadcn/ui (likely), Radix, Tailwind		Recharts, Mapbox/MapLibre/Leaflet, cmdk, Sonner, Vaul, Swiper, lucide icons	Static/CSS	Light + dark (follows OS), muted · mono accents	Geist, Inter	Vercel	4.1.17
cubby-ui.dev	shadcn registries	Cubby UI	Next.js		shadcn/ui (likely), Base UI, Tailwind	Motion (Framer Motion), CSS scroll-driven		Scroll-choreographed	Light + dark (follows OS), muted · mono accents · marquee	Geist Mono, Rubik	Vercel	
dashboardcn.com	shadcn registries	dashboardcn - Dashboard components for shadcn/ui	Next.js		shadcn/ui (likely), Radix, Tailwind	CSS scroll-driven	Recharts, cmdk, lucide icons	Scroll-choreographed	Light, muted, blue accent · mono accents · span grid	Inter Tight, Geist Mono	Vercel	
data-table.openstatus.dev	shadcn registries	React Data Table with Filters — shadcn/ui + TanStack Table …	Next.js		shadcn/ui (likely), Radix, Tailwind		Recharts, cmdk, Sonner, Vaul, lucide icons	Static/CSS	Light + dark (follows OS), muted · span grid	GeistSans, GeistMono	Vercel	
deltacomponents.dev	shadcn registries	Delta Components	Next.js		shadcn/ui (likely), Base UI, Tailwind	CSS scroll-driven	Sonner	Scroll-choreographed	Light + dark (follows OS), muted · span grid	inter	Vercel	4.3.3
design.helpmarq.com	shadcn registries	ns-ui	Next.js		Tailwind	Lenis	cmdk	Scroll-choreographed	Light + dark (follows OS), muted · marquee · canvas	GeistSans, GeistMono	Vercel	
designali.com	shadcn registries	designali — design se code tak	Next.js		shadcn/ui (likely), Radix, Base UI, Tailwind, Registry motion classes	Paper Shaders, CSS scroll-driven	Recharts, cmdk, lucide icons	3D/WebGL	Light + dark (follows OS), muted · mono accents · span grid · marquee	Oswald, Geist Mono	Vercel	
developer.paddle.com	shadcn registries	Paddle Developer Docs	Astro		shadcn/ui (likely), Radix, Tailwind	View Transitions API	Vaul	JS motion	Light, muted · mono accents · span grid · marquee	TWK Lausanne, Space Mono	Netlify	
devl.dev	shadcn registries	devl.dev — UI experiments built on coss-ui	React		shadcn/ui (likely), Base UI, Tailwind		Recharts, lucide icons	Static/CSS	Light + dark (follows OS), muted	Inter, Geist	Vercel	4.2.2
diarmuradi.com	shadcn registries	Diar Muradi	Next.js		shadcn/ui (likely), Radix, Base UI, Tailwind	Motion (Framer Motion)	Recharts, cmdk, Vaul, lucide icons	JS motion	Light + dark (follows OS), muted · mono accents	Caveat, Inter	Vercel	
diceui.com	shadcn registries	Dice UI	Next.js		shadcn/ui (likely), Radix, Base UI, Tailwind, Registry motion classes		cmdk, Sonner, Vaul, lucide icons	JS motion	Light + dark (follows OS), muted · mono accents · marquee	Geist Mono, Geist	Vercel	
diklein.com/components	shadcn registries	Components — Dave Klein	Next.js		Base UI, Tailwind	Motion (Framer Motion), View Transitions API	Recharts, lucide icons	JS motion	Light + dark (follows OS), muted · mono accents · span grid	Soehne, Soehne Mono	Vercel	
dominikkoch.dev/ui	shadcn registries	Introduction by Dominik Koch	Next.js, Nuxt		shadcn/ui (likely), Radix, Base UI, Tailwind	Motion (Framer Motion)	lucide icons	JS motion	Light + dark (follows OS), muted · serif display · mono accents	Geist Mono, Geist	Vercel	
ds.asanshay.com	shadcn registries	Asanshay's components	Next.js		shadcn/ui (likely), Radix, Tailwind	Motion (Framer Motion), View Transitions API	Lexical, lucide icons	JS motion	Light + dark (follows OS), muted · serif display · mono accents · span grid · canvas	Manrope, JetBrains Mono	Vercel	
ds.lema.ufpb.br	shadcn registries	storybook - Storybook	React		Radix, React Aria			Static/CSS	Light, muted	Nunito Sans, Inter	nginx	
dsikeres1.github.io/react-date-range-picker	shadcn registries	React Date Range Picker	Astro		Tailwind			Static/CSS	Light + dark (follows OS)		GitHub Pages	
easeui.dev	shadcn registries	easeUI · Animated React Components	Next.js		shadcn/ui (likely), Tailwind, Registry motion classes	Motion (Framer Motion)	lucide icons	JS motion	Dark, muted, violet accent · mono accents · marquee	Geist Mono, Geist	Vercel	
elements.nexus.availproject.org/docs/view-components	shadcn registries	Components	Next.js		shadcn/ui (likely), Radix, Tailwind, styled-components	react-spring	Sonner, lucide icons	JS motion	Light + dark (follows OS), muted · mono accents	Geist Mono, Geist	Vercel	
elsecase.vercel.app	shadcn registries	Elsecase — React patterns beyond the happy path	Next.js		Tailwind		lucide icons	Static/CSS	Light + dark (follows OS), muted · mono accents	IBM Plex Mono, Instrument Sans	Vercel	4.3.3
emailcn.vercel.app	shadcn registries	emailcn - Beautiful emails, made simple	Next.js		shadcn/ui (likely), Radix, Tailwind	Motion (Framer Motion), View Transitions API	cmdk, Sonner, Vaul, lucide icons	JS motion	Light + dark (follows OS), muted · mono accents	Inter, Geist Mono	Vercel	
emerald-ui.com	shadcn registries	Emerald UI - Copy-ready React Components   Emerald UI - Ins…	Next.js		shadcn/ui (likely), Radix, Tailwind	GSAP ScrollTrigger	Sonner, lucide icons	Scroll-choreographed	Light + dark (follows OS), muted · mono accents · marquee	Geist Mono, Geist	Netlify	
evex.sh	shadcn registries	Vercel eve Agent Registry: Install eve Agents with One Comm…	Next.js		shadcn/ui (likely), Radix, Base UI, Tailwind		Recharts, cmdk, Sonner, Vaul, lucide icons	Static/CSS	Light + dark (follows OS), muted	GeistSans, GeistMono	Vercel	
evilbuttons.radiumcoders.com/docs	shadcn registries	ThreeDButton   Evil Buttons	Next.js		shadcn/ui (likely), Radix, Tailwind	Motion (Framer Motion), Matter.js	cmdk	JS motion	Light + dark (follows OS), muted · mono accents	Inter, Geist Mono	Vercel	
evilcharts.com	shadcn registries	Evil Charts — Animated React Chart Components for shadcn/ui	Next.js		shadcn/ui (likely), Tailwind	Motion (Framer Motion), CSS scroll-driven	Recharts, ECharts, cmdk	Scroll-choreographed	Light + dark (follows OS), muted · mono accents	Inter, JetBrains Mono	Vercel	
exawizards.com/exabase/design	shadcn registries		Next.js		shadcn/ui (likely), Base UI, Tailwind		Recharts, cmdk, Vaul, lucide icons	Static/CSS	Light + dark (follows OS), muted	Noto Sans JP, Inter	nginx	
fab-ui.com	shadcn registries	fab ui	Next.js		shadcn/ui (likely), Radix, Base UI, Tailwind	Paper Shaders	lucide icons	3D/WebGL	Dark, muted	Geist	Vercel	
flagcn.dev	shadcn registries	Flagcn: Accessible Flag Components for shadcn/ui	Remix/React Router		shadcn/ui (likely), Radix, Base UI, Tailwind		cmdk, Sonner	Static/CSS	Dark, muted, teal accent · mono accents	DM Mono, DM Sans	Cloudflare	
flightcn.yencheng.dev	shadcn registries	flightcn — Beautiful Flight Visualizations for React	Next.js		shadcn/ui (likely), Radix, Tailwind		Mapbox/MapLibre/Leaflet, lucide icons	Static/CSS	Light, muted · mono accents	Geist Mono, Geist	Vercel	
flowkit-ui.vzkiss.com	shadcn registries	flowkit-ui	Next.js		shadcn/ui (likely), Radix, Base UI, Tailwind		lucide icons	Static/CSS	Dark, muted	Inter	Vercel	
flowui-registry.vercel.app	shadcn registries	FlowUI - UI Components for React	Next.js		shadcn/ui (likely), Radix, Tailwind	Motion (Framer Motion)	lucide icons	JS motion	Light + dark (follows OS), muted · mono accents · span grid	Open Sans, Poppins	Vercel	
fluent2-react-kit.graund.io	shadcn registries	Fluent 2 React Kit — React components and shadcn registry	Next.js		shadcn/ui (likely), Tailwind, Registry motion classes			JS motion	Light, muted		Vercel	
fluidfunctionalism.com	shadcn registries	Fluid Functionalism	Next.js		shadcn/ui (likely), Radix, Base UI, Tailwind	Motion (Framer Motion), CSS scroll-driven		Scroll-choreographed	Light + dark (follows OS), muted · span grid	Inter	Vercel	4.1.18
fonttrio.xyz	shadcn registries	Fonttrio - Best Font Pairings	Next.js		shadcn/ui (likely), Radix, Tailwind	GSAP, GSAP ScrollTrigger, Motion (Framer Motion), CSS scroll-driven		Scroll-choreographed	Light + dark (follows OS), muted · serif display · marquee	Manrope, Roboto		
forgeui.in	shadcn registries	ForgeUI   React & Tailwind UI Components, Blocks & Templates	Next.js		shadcn/ui (likely), Radix, React Aria, Tailwind, Registry motion classes	Motion (Framer Motion)	cmdk, Vaul, lucide icons	JS motion	Dark, muted · mono accents	Geist Mono, Geist	Cloudflare	4.1.18
form.buildnbuzz.com	shadcn registries	BuzzForm - Beautiful, Type-Safe React Forms	Next.js		shadcn/ui (likely), Radix, Base UI, Tailwind		Recharts, cmdk, Sonner, Vaul, lucide icons	Static/CSS	Light + dark (follows OS), muted · mono accents	Inter, Geist Mono	Vercel	
formcn.dev	shadcn registries	Modern shadcn form builder   Formcn	React		shadcn/ui (likely), Radix, Tailwind	CSS scroll-driven	Recharts, cmdk, Sonner, Vaul, lucide icons	Scroll-choreographed	Dark, muted · span grid		Cloudflare	
formscn.space	shadcn registries	FormSCN - shadcn/ui Form Builder with Better Auth Integrati…	Next.js		shadcn/ui (likely), Radix, Base UI, Tailwind	Motion (Framer Motion)	cmdk, Sonner, lucide icons	JS motion	Dark, muted · mono accents · span grid	Geist Mono, Space Grotesk	Vercel	
framecn.vercel.app	shadcn registries	framecn - Beautiful videos, made simple	Next.js		shadcn/ui (likely), Radix, Tailwind	Paper Shaders, Motion (Framer Motion), View Transitions API	cmdk, Sonner, Vaul, lucide icons	3D/WebGL	Light + dark (follows OS), muted · mono accents · span grid · marquee	Inter, Geist Mono	Vercel	
francozeta-stepper.vercel.app	shadcn registries	Stepper - Stepper	Next.js		shadcn/ui (likely), Radix, Tailwind	Motion (Framer Motion)	Recharts, cmdk, Vaul, lucide icons	JS motion	Dark, muted · mono accents	Geist Mono, Geist	Vercel	
gamekitui.com	shadcn registries	GameKit UI — Drop-in browser games for shadcn	Next.js		shadcn/ui (likely), Base UI, Tailwind		Sonner, lucide icons	Static/CSS	Dark, green accent · mono accents · marquee · canvas	Geist Mono, Geist	Vercel	
gamifykit.com	shadcn registries	GamifyKit	Next.js		shadcn/ui (likely), Radix, Tailwind	Motion (Framer Motion)	lucide icons	JS motion	Light + dark (follows OS), muted, violet accent	Rany, Inter	Vercel	
gammaui.com	shadcn registries	Gamma UI	Next.js		shadcn/ui (likely), Radix, Tailwind	three.js, React Three Fiber, Motion (Framer Motion), react-spring	cmdk, Sonner	3D/WebGL	Light + dark (follows OS), muted, blue accent · span grid · marquee		Vercel	4.1.18
github.com/Delego-Dev/registry	shadcn registries	GitHub - Delego-Dev/registry: Delego design-system registry…	Hotwire/Turbo, React					Static/CSS	Light + dark (follows OS), muted	Inter	GitHub Pages	
github.com/guillermo-rebolledo/materialcn	shadcn registries	GitHub - guillermo-rebolledo/materialcn · GitHub	Hotwire/Turbo, React				lucide icons	Static/CSS	Light + dark (follows OS), muted · span grid		GitHub Pages	
github.com/vectorstudio-ir/ui	shadcn registries	GitHub - vectorstudio-ir/ui · GitHub	Hotwire/Turbo, React		Base UI			Static/CSS	Light + dark (follows OS), muted		GitHub Pages	
github.com/yukihito-jokyu/design-system	shadcn registries	GitHub - yukihito-jokyu/design-system · GitHub	Hotwire/Turbo, React					Static/CSS	Light + dark (follows OS), muted		GitHub Pages	
github.com/zeno-admin/shadcn-editor	shadcn registries	GitHub - zeno-admin/shadcn-editor: Lexical base rich text e…	Hotwire/Turbo, React				Lexical	Static/CSS	Light + dark (follows OS), muted		GitHub Pages	
github.com/zmide/tile-ui	shadcn registries	GitHub - zmide/tile-ui: A cross-framework component library…	Hotwire/Turbo, React					Static/CSS	Light + dark (follows OS), muted		GitHub Pages	
glass-ui.crenspire.com	shadcn registries	Glass UI - Component Library	Next.js		shadcn/ui (likely), Radix, Tailwind		Recharts, cmdk, Sonner, lucide icons	Static/CSS	Dark · mono accents	Geist, Geist Mono	Vercel	
glasscn-components.vercel.app	shadcn registries	Liquid Glass Components for shadcn/ui	Next.js		shadcn/ui (likely), Radix, Base UI, Tailwind	Motion (Framer Motion)	cmdk, lucide icons	JS motion	Light + dark (follows OS), vivid, green accent · mono accents · span grid	Inter, Geist Mono	Vercel	
gooseui.pro	shadcn registries	GooseUI	Next.js		shadcn/ui (likely), Radix, Tailwind, Registry motion classes	Motion (Framer Motion), View Transitions API, CSS scroll-driven	cmdk, Sonner, lucide icons	Scroll-choreographed	Light + dark (follows OS), muted · span grid · marquee	Outfit, GeistSans	Vercel	
gov.nysgpt.com	shadcn registries	govblock	Next.js		shadcn/ui (likely), Radix, Base UI, Tailwind	Motion (Framer Motion), View Transitions API, CSS scroll-driven	Recharts, Tiptap/ProseMirror, cmdk, lucide icons	Scroll-choreographed	Light, muted · serif display · mono accents · canvas	Geist, Geist Mono	AWS CloudFront	
grainlyicons.abhii.space	shadcn registries	Grainly	Next.js		shadcn/ui (likely), Radix, Tailwind	Motion (Framer Motion)	lucide icons	JS motion	Light, muted	Bricolage Grotesque, Geist	Vercel	
gridcn.vercel.app	shadcn registries	gridcn	Next.js		shadcn/ui (likely), Radix, Base UI, Tailwind	View Transitions API	AG Grid, lucide icons	JS motion	Light + dark (follows OS), muted · canvas	Inter, Geist	Vercel	
grootstudio.vercel.app	shadcn registries	Groot Studio - UI Component Library	Next.js		shadcn/ui (likely), Radix, Tailwind	GSAP, GSAP ScrollTrigger, Lenis, Motion (Framer Motion), View Transitions API	cmdk, Sonner, Vaul, lucide icons	Scroll-choreographed	Dark, muted, red accent · serif display · mono accents · span grid	Geist Mono, Geist	Vercel	
gsap.paceui.com	shadcn registries	GSAP   React GSAP   PaceUI	React		shadcn/ui (likely), Base UI, Tailwind	GSAP ScrollTrigger, Motion (Framer Motion), View Transitions API, CSS scroll-driven	Recharts, D3, ECharts, cmdk, Vaul, lucide icons	Scroll-choreographed	Light + dark (follows OS), muted · span grid	DM Sans	Vercel	
gymnopedies.shoota.work	shadcn registries	storybook - Storybook	React					Static/CSS	Light	Nunito Sans	Vercel	
hacomponents.keshuac.com	shadcn registries		Next.js		shadcn/ui (likely), Radix, Tailwind	Motion (Framer Motion)	lucide icons	JS motion	Light + dark (follows OS), muted, blue accent · video	Lexend Deca, Funnel Display	Cloudflare	
headcodecms.com	shadcn registries	Headcode CMS - Agentic Web CMS	Next.js		shadcn/ui (likely), Base UI, Tailwind		Tiptap/ProseMirror, cmdk, lucide icons	Static/CSS	Dark, muted · mono accents · span grid	Inter, Geist Mono	Vercel	
herocn.dev	shadcn registries	herocn	Next.js		shadcn/ui (likely), Radix, Base UI, HeroUI/NextUI, Tailwind	CSS scroll-driven	Recharts, cmdk, Vaul, lucide icons	Scroll-choreographed	Light + dark (follows OS), muted, blue accent · span grid	Inter, Noto Sans Arabic	Cloudflare	
heroicons-animated.com	shadcn registries	heroicons-animated   Free Animated Heroicons for React	Next.js		shadcn/ui (likely), Base UI, Tailwind	Motion (Framer Motion)	Sonner, Heroicons	JS motion	Light + dark (follows OS), muted · mono accents	Geist Mono, Geist	Vercel	
hextaui.com	shadcn registries	HextaUI	Next.js		shadcn/ui (likely), Tailwind			Static/CSS	Light + dark (follows OS), muted	Inter	Cloudflare	
hexui.sh	shadcn registries	Hex UI	Next.js		shadcn/ui (likely), Base UI, Tailwind, Registry motion classes		lucide icons	JS motion	Dark, muted · mono accents · marquee	Geist Mono, Geist	Render	
hirael.com	shadcn registries	Components, blocks and templates for shadcn/ui - Hirael	Next.js		shadcn/ui (likely), Radix, Base UI, Tailwind		Recharts, Tiptap/ProseMirror, cmdk, Vaul, lucide icons, Phosphor icons	Static/CSS	Dark · serif display · mono accents · span grid · marquee	Cormorant Garamond, JetBrains Mono	Cloudflare	
honestui.com	shadcn registries	Open Source React UI Components & Charts — Honest UI	Next.js		shadcn/ui (likely), Tailwind	View Transitions API, CSS scroll-driven	ECharts	Scroll-choreographed	Light + dark (follows OS), muted, blue accent · mono accents	loveSans, JetBrains Mono	Vercel	
hugeicons-animated-vue.rebeaumickael.fr	shadcn registries	Hugeicons Animated Vue - Free animated icons for Vue	Vue			GSAP, GSAP ScrollTrigger, Lenis, Motion (Framer Motion)		Scroll-choreographed	Light, muted · mono accents · marquee	IBM Plex Mono	Railway	
hugeicons-animated.com	shadcn registries	Hugeicons Animated — Free Animated Icons for React	Next.js		Radix, Tailwind	Motion (Framer Motion)	cmdk	JS motion	Light, muted · mono accents	Quicksand, Geist Mono	Vercel	
iconiqui.com	shadcn registries	Iconiq UI   Design System for Modern Interfaces	Next.js		shadcn/ui (likely), Radix, Base UI, Tailwind	Motion (Framer Motion), View Transitions API	Recharts, Sonner, Vaul, Embla Carousel, lucide icons	JS motion	Light + dark (follows OS), muted · mono accents · span grid	Geist Mono, Geist	Vercel	
indiacn.in	shadcn registries	IndiaCN UI — Open Source Design System for India	Next.js		shadcn/ui (likely), Radix, Tailwind		lucide icons	Static/CSS	Light + dark (follows OS), muted, violet accent · span grid	Noto Sans, Noto Sans Bengali	Vercel	
initium.sh	shadcn registries	Initium: shadcn Marketing Blocks and Skills for AI Agents	Next.js		shadcn/ui (likely), Base UI, Tailwind		Recharts, cmdk, Vaul, lucide icons	Static/CSS	Light, muted · mono accents · marquee	Geist Mono, inter	Vercel	
intentui.com	shadcn registries	Intent UI	Next.js		shadcn/ui (likely), React Aria, Tailwind	CSS scroll-driven	Recharts	Scroll-choreographed	Light + dark (follows OS), muted · mono accents	JetBrains Mono, fontSans	Vercel	4.3.3
interior.dev	shadcn registries	Free React Micro-Interaction Components — interior.dev	Next.js		Tailwind	Motion (Framer Motion)		JS motion	Light + dark (follows OS), muted · mono accents	Geist Mono, Geist	Vercel	
jolyui.dev	shadcn registries	Joly UI - 50+ Free shadcn/ui Components for React & Next.js	Next.js		shadcn/ui (likely), Radix, Tailwind, Registry motion classes	Motion (Framer Motion)	cmdk, Sonner	JS motion	Dark, muted · mono accents	Geist Mono, Geist	Vercel	
kanpeki.vercel.app	shadcn registries	Kanpeki	Next.js		shadcn/ui (likely), Radix, React Aria, Tailwind	Motion (Framer Motion)	Recharts, Sonner, lucide icons	JS motion	Light + dark (follows OS), muted, yellow accent · mono accents · span grid	Geist Mono, Geist	Vercel	
kapwa-two.vercel.app	shadcn registries	Kapwa	Vue					Static/CSS	Light + dark (follows OS), muted	Inter, Punctuation SC	Vercel	
kaui-shadcn-registry.vercel.app	shadcn registries	KaUI   KaUI	Astro, Svelte		shadcn/ui (likely), Radix, Tailwind		cmdk, lucide icons	Static/CSS	Light + dark (follows OS), muted · mono accents	Geist Mono, Geist Sans	Vercel	
keylineicons.com	shadcn registries	Keyline Icons: 1,178 free shadcn/ui icons in four styles an…	Next.js		shadcn/ui (likely), Base UI, Tailwind		Recharts, Sonner	Static/CSS	Light + dark (follows OS), muted · mono accents · span grid	Geist Mono, Geist	Vercel	
kibo-ui.com	shadcn registries	Kibo UI	Next.js		shadcn/ui (likely), Radix, Tailwind		Recharts, Tiptap/ProseMirror, cmdk, Sonner, Vaul, lucide icons	Static/CSS	Light + dark (follows OS), muted, blue accent · mono accents · span grid · marquee · video	Geist, Geist Mono	Vercel	
kinetic.itsjay.in	shadcn registries	Kinetic: Scrub Number Input for React	Next.js		shadcn/ui (likely), Tailwind	Motion (Framer Motion)	lucide icons	JS motion	Light, muted · mono accents	JetBrains Mono, Instrument Sans	Vercel	
knock.codes	shadcn registries	Knock — copy-paste UI for private previews	React		Tailwind			Static/CSS	Light, muted, orange accent		Vercel	4.3.3
knot-ui.trupal.me	shadcn registries	knot-ui	Next.js		shadcn/ui (likely), Radix, Tailwind	three.js, React Three Fiber, Lottie, react-spring		3D/WebGL	Light + dark (follows OS), muted · serif display · mono accents	Bricolage Grotesque, Geist Mono	Vercel	
kobra.systems	shadcn registries	Kobra / React Input OTP component	React		shadcn/ui (likely), Base UI, Tailwind	View Transitions API	Recharts, cmdk, Vaul	JS motion	Light + dark (follows OS), muted · mono accents · span grid · marquee	ABC Diatype, Departure Mono	Cloudflare	4.3.3
lab.moumen.dev	shadcn registries	moumenlab - Less is more	Next.js		Tailwind, Registry motion classes			JS motion	Light, muted	GeistSans, GeistMono	Vercel	4.3.3
launchuicomponents.com	shadcn registries	Launch UI	Next.js		shadcn/ui (likely), Radix, Tailwind, Registry motion classes		lucide icons	JS motion	Dark, muted · mono accents · span grid · marquee	Inter, IBM Plex Mono	Vercel	
layish.vercel.app	shadcn registries	Layish	Next.js		shadcn/ui (likely), Radix, Tailwind		Sonner, lucide icons	Static/CSS	Light + dark (follows OS), muted · mono accents	Geist Mono, Geist	Vercel	
lensblocks.com	shadcn registries	A shadcn/ui registry of components for Lens Social Protocol…	Next.js		shadcn/ui (likely), Radix, Tailwind, styled-components	react-spring	Tiptap/ProseMirror, Sonner, lucide icons	JS motion	Light, muted, orange accent · mono accents	Geist, Geist Mono	Vercel	4.1.11
limeplay.winoffrg.dev	shadcn registries	React Video Player UI Components   Limeplay	Next.js		shadcn/ui (likely), Radix, Base UI, Tailwind	Motion (Framer Motion), Lottie	lucide icons	JS motion	Light, muted · video	Inter	Vercel	
liquefy-ui.com	shadcn registries	liquefy-ui — Liquid Glass for React	React		Base UI			Static/CSS	Light + dark (follows OS), vivid, blue accent · mono accents	DM Mono	Vercel	
livedocs.xyz	shadcn registries	livedocs: Beautiful charts. Built for your product.	Next.js		shadcn/ui (likely), Tailwind		Recharts, Chart.js, lucide icons	Static/CSS	Dark, muted · mono accents	Geist Mono, acidGrotesk	Vercel	4.3.3
livekit.com/ui	shadcn registries	Agents UI   Build beautiful voice AI   LiveKit	Next.js		shadcn/ui (likely), Radix, Tailwind, Registry motion classes	Unicorn Studio, Motion (Framer Motion), CSS scroll-driven	cmdk, Sonner, lucide icons	3D/WebGL	Dark, muted · span grid · marquee	displayFont, Public Sans	Vercel	
lmscn.vercel.app	shadcn registries	lmscn — LMS Component Registry	Next.js		shadcn/ui (likely), Tailwind			Static/CSS	Dark, muted · serif display	Instrument Serif	Vercel	
loading-ui.com	shadcn registries	Loading UI - spinners, loaders, and loading animations for …	React		shadcn/ui (likely), Base UI, Tailwind		lucide icons	Static/CSS	Light + dark (follows OS), muted · mono accents	Geist Mono, Geist	Cloudflare	
localmode.ai	shadcn registries	LocalMode UI - Local-First AI Components	Next.js		shadcn/ui (likely), Radix, Tailwind		cmdk, lucide icons	Static/CSS	Light + dark (follows OS), muted	Inter	Vercel	
lucide-animated.com	shadcn registries	lucide-animated   Free Animated React Icons Library	Next.js		shadcn/ui (likely), Base UI, Tailwind	Motion (Framer Motion)	Mapbox/MapLibre/Leaflet, Sonner, lucide icons	JS motion	Light + dark (follows OS), muted · mono accents	Geist Mono, Geist	Vercel	
lumiui.dev	shadcn registries	Lumi UI	Next.js		shadcn/ui (likely), Base UI, Tailwind	Motion (Framer Motion)	Recharts, lucide icons	JS motion	Dark, blue accent · mono accents	Inter, Geist Mono	Vercel	
map.ling.pub	shadcn registries	amapcn - Beautiful AMap components made simple	Next.js		shadcn/ui (likely), Radix, Tailwind		cmdk, lucide icons	Static/CSS	Light + dark (follows OS), muted · span grid	GeistSans, GeistMono	GitHub Pages	
mapcn.dev	shadcn registries	mapcn - Beautiful maps made simple	Next.js		shadcn/ui (likely), Radix, Tailwind		Recharts, Mapbox/MapLibre/Leaflet, cmdk, lucide icons	Static/CSS	Light + dark (follows OS), muted · mono accents · span grid	Geist Mono, Geist	Vercel	
mediadrop.dev	shadcn registries	mediadrop.dev	Next.js		shadcn/ui (likely), Base UI, Tailwind		Sonner, lucide icons	Static/CSS	Dark, muted · mono accents	Geist Mono, Geist	Vercel	
mewo-ui.vercel.app	shadcn registries	mewo — animated components for React	Next.js		shadcn/ui (likely), Tailwind	GSAP, GSAP ScrollTrigger, Motion (Framer Motion)	lucide icons	Scroll-choreographed	Light + dark (follows OS) · mono accents · marquee	Geist Mono, Geist	Vercel	
micomponents.micustomer.io	shadcn registries	MiComponents	Next.js		shadcn/ui (likely), Tailwind		lucide icons	Static/CSS	Light, muted	GeistSans, GeistMono		
microkit.co	shadcn registries	MicroKit UI — Copy-paste React & CSS microinteractions	Next.js		Tailwind	Motion (Framer Motion), View Transitions API	lucide icons	JS motion	Light + dark (follows OS), muted · mono accents	Geist Mono, Geist	Vercel	
mksingh.dev/docs	shadcn registries	What's here?	Next.js		Radix, Tailwind		lucide icons	Static/CSS	Light + dark (follows OS), muted · mono accents	Inter, JetBrains Mono	Vercel	
morphiq.prathampatel.design	shadcn registries	Morphiq — Interfaces that move.	React			GSAP, GSAP ScrollTrigger, Motion (Framer Motion)		Scroll-choreographed	Light, vivid, yellow accent · marquee	Author, Product Sans	Vercel	
motion-lexicon.pages.dev	shadcn registries	100 个可直接复制的 React 动效组件 — Motion Lexicon	React		Tailwind	GSAP ScrollTrigger		Scroll-choreographed	Light + dark (follows OS), blue accent		Cloudflare	4.3.3
motiq.dev	shadcn registries	Motiq - Animated React & shadcn components, installable as …	Next.js		Radix, Tailwind	Motion (Framer Motion)		JS motion	Dark, blue accent · span grid · marquee · canvas		Vercel	
motokoui.com	shadcn registries	Motoko UI	Next.js		shadcn/ui (likely), Radix, Tailwind, Registry motion classes		cmdk, Sonner, lucide icons	JS motion	Light + dark (follows OS), muted · mono accents · span grid	Geist Mono, Geist	Vercel	4.3.3
mozaika.design	shadcn registries	Mozaika — measured design specs for AI agents, not screensh…	Remix/React Router		shadcn/ui (likely), Radix, Tailwind		cmdk, Sonner	Static/CSS	Light, orange accent · mono accents · marquee	Cabinet Grotesk, Manrope		3.4.17
mui-treasury.com	shadcn registries	MUI Treasury	Next.js		MUI, Tailwind, Emotion		lucide icons	Static/CSS	Light + dark (follows OS), muted · mono accents	Geist Mono, Geist	Vercel	
neobrutalism.dev	shadcn registries	Neobrutalism components - Start making neobrutalism layouts…	Next.js		shadcn/ui (likely), Radix, Base UI, Tailwind, Registry motion classes		Recharts, cmdk, lucide icons	JS motion	Light, vivid, blue accent · marquee	DM Sans	Vercel	4.3.3
nexus-ui.com	shadcn registries	Nexus UI — Free React UI Components & Next.js Templates	Next.js		shadcn/ui (likely), Tailwind	Motion (Framer Motion)	cmdk, Sonner, lucide icons	JS motion	Light + dark (follows OS), muted · span grid · marquee · canvas	Inter	Vercel	4.3.0
nexus-ui.dev	shadcn registries	Nexus UI - Build Better AI Interfaces	Next.js		shadcn/ui (likely), Radix, Tailwind	Motion (Framer Motion)	lucide icons	JS motion	Mid-tone, muted	Inter	Vercel	
niko-table.com	shadcn registries	Shadcn-Compatible React Data Table   Niko Table	Astro, Svelte		shadcn/ui (likely), Radix, Tailwind	CSS scroll-driven	cmdk, Vaul, lucide icons	Scroll-choreographed	Light + dark (follows OS), muted · marquee		Cloudflare	
nostalgia-ui.com	shadcn registries	nostalgia-ui — Mac OS 9 components for React	Next.js		shadcn/ui (likely), Radix, Tailwind		Recharts, cmdk	Static/CSS	Light, muted		Vercel	
nteract-elements.vercel.app	shadcn registries	nteract elements	Next.js		shadcn/ui (likely), Radix, Tailwind		cmdk, lucide icons	Static/CSS	Light + dark (follows OS), muted	Inter, KaTeX_Main	Vercel	
nuqs.dev/registry	shadcn registries	Shadcn Registry   nuqs	Next.js, Nuxt		shadcn/ui (likely), Radix, Tailwind		Recharts, lucide icons	Static/CSS	Light + dark (follows OS), muted	Inter	Vercel	
nusaiba.dev	shadcn registries	Nusaiba — Motion-First Shadcn Sections	Next.js		shadcn/ui (likely), Tailwind	Motion (Framer Motion), CSS scroll-driven	lucide icons	Scroll-choreographed	Light, muted · mono accents · span grid	JetBrains Mono, Plus Jakarta Sans	Cloudflare	
odysseyui.com/docs	shadcn registries	Introduction - Odyssey UI	Next.js		shadcn/ui (likely), Radix, Base UI, Tailwind	GSAP, GSAP ScrollTrigger, Lenis, Motion (Framer Motion), react-spring	lucide icons	Scroll-choreographed	Dark, muted · marquee	Dancing Script, Outfit	Vercel	4.2.0
ogimagecn.vercel.app	shadcn registries	ogimagecn - Beautiful OG images, made simple	Next.js	Webflow	shadcn/ui (likely), Radix, Tailwind	Motion (Framer Motion), View Transitions API	cmdk, Sonner, Vaul, lucide icons	JS motion	Light + dark (follows OS), muted · mono accents	Inter, Geist Mono	Vercel	
onboarding-tour.vercel.app	shadcn registries	Tour - Tour	Next.js		shadcn/ui (likely), Radix, Tailwind		Mapbox/MapLibre/Leaflet, cmdk, lucide icons	Static/CSS	Light + dark (follows OS), muted · mono accents	Inter, Geist Mono	Vercel	
onchain-ui.dev	shadcn registries	onchain-ui	Next.js		shadcn/ui (likely), Radix, Base UI, Tailwind		Sonner, lucide icons	Static/CSS	Dark, muted, blue accent · mono accents · canvas	Geist Mono, Geist	Netlify	
openmirai.dev	shadcn registries	Products and public tools   OpenMirai Developers	Next.js		Base UI, Tailwind	Motion (Framer Motion)		JS motion	Light + dark (follows OS), muted	IBM Plex Sans Thai, Plus Jakarta Sans	Vercel	
openpolicy.sh	shadcn registries	PolicyStack — privacy and consent as code	Astro		Tailwind			Static/CSS	Light + dark (follows OS), muted · mono accents	Inter-b3ad1a2eee839360, Inter-b3ad1a2eee839360 fallback: Arial	Vercel	4.2.4
openstatus.dev/registry	shadcn registries	Component Registry   openstatus	Next.js		shadcn/ui (likely), Radix, Tailwind		Recharts, cmdk, Sonner, Vaul, lucide icons	Static/CSS	Light, muted · span grid	Inter, commitMono	Vercel	
optics.agusmayol.com.ar	shadcn registries	AgusMayol's Optics - Design System for Modern Web Apps	Next.js		shadcn/ui (likely), Radix, Base UI, Tailwind	Paper Shaders, Motion (Framer Motion)	Recharts, cmdk, Sonner, Vaul, lucide icons	3D/WebGL	Light + dark (follows OS), muted, teal accent · serif display · mono accents · span grid	Inter, Instrument Serif	Vercel	
oui.mw10013.workers.dev	shadcn registries	Oui - React Aria Components with Shadcn characteristics	Remix/React Router		shadcn/ui (likely), Radix, React Aria, Tailwind		lucide icons	Static/CSS	Light + dark (follows OS), muted		Cloudflare	4.1.16
paletteui.xyz	shadcn registries	Palette/UI - Color systems for shadcn/ui	Next.js		shadcn/ui (likely), Tailwind		Recharts, lucide icons	Static/CSS	Light + dark (follows OS), muted	GeistMono	Vercel	
pane.theui.company	shadcn registries	Pane — Liquid glass components for React.	Next.js		shadcn/ui (likely), Radix, Tailwind	Motion (Framer Motion)	lucide icons	JS motion	Light + dark (follows OS), muted · mono accents	Geist Mono, Geist	Vercel	
pantoken.app	shadcn registries	pantoken	Vue					Static/CSS	Mid-tone, vivid, blue accent	Atkinson Hyperlegible Next	Cloudflare	
pastecn.com	shadcn registries	pastecn — Create shareable shadcn/ui registry URLs	Next.js		shadcn/ui (likely), Radix, Tailwind		Recharts, cmdk, Vaul, lucide icons	Static/CSS	Light, muted · serif display · mono accents	Geist, Geist Mono	Vercel	
payload-components.xyz	shadcn registries	Payload Components: Wired Payload CMS Blocks in One Command	Next.js		shadcn/ui (likely), Tailwind	Motion (Framer Motion), CSS scroll-driven	lucide icons	Scroll-choreographed	Light, muted · serif display · span grid · marquee	Instrument Serif, GeistSans	Vercel	
pixelactui.com	shadcn registries	Pixelact UI - Pixel art flavored React Component Library	Remix/React Router		shadcn/ui (likely), Radix, Tailwind		cmdk, Sonner, Vaul	Static/CSS	Light + dark (follows OS), muted	Montserrat, Press Start	Vercel	
platejs.org	shadcn registries	Build your rich-text editor - Plate	Next.js		shadcn/ui (likely), Radix, Tailwind		cmdk, Sonner, lucide icons	Static/CSS	Light, muted	fontSans, fontMono	Vercel	
plotcn.vercel.app	shadcn registries	Plotcn — Beautiful React Visualizations You Own	Next.js		shadcn/ui (likely), Radix, Base UI, Tailwind	Motion (Framer Motion), View Transitions API, CSS scroll-driven	Recharts, cmdk	Scroll-choreographed	Light + dark (follows OS), muted · mono accents	Inter, Geist Mono	Vercel	
prompt-kit.com	shadcn registries	prompt-kit	Next.js		shadcn/ui (likely), Radix, Tailwind	Motion (Framer Motion)	lucide icons	JS motion	Light, muted · mono accents	Inter, Geist Mono	Vercel	4.1.7
prosekit.dev	shadcn registries	ProseKit   ProseKit	Astro		Tailwind		Tiptap/ProseMirror	Static/CSS	Light + dark (follows OS), muted		Cloudflare	
pulkit.page	shadcn registries	Pulkit			Tailwind	View Transitions API		JS motion	Light + dark (follows OS), vivid	Comic Relief	GitHub Pages	4.3.3
pulld.pages.dev	shadcn registries	pulld — components your AI coding agent installs by itself			Base UI	Motion (Framer Motion)	Recharts, Tiptap/ProseMirror, lucide icons	JS motion	Light + dark (follows OS), muted · marquee		Cloudflare	
quilldesignsystem.com	shadcn registries	Quill — an editorial design system for digital products	Next.js		shadcn/ui (likely), Base UI, Tailwind		Recharts, cmdk, Vaul	Static/CSS	Light · serif display	Fraunces, Raleway	Vercel	
quiz-ui-phi.vercel.app	shadcn registries	quiz-ui — Radix components for quiz funnels	Next.js		shadcn/ui (likely), Radix, Tailwind		lucide icons	Static/CSS	Light + dark (follows OS), muted		Vercel	
rawkitui.zerodegree.tech	shadcn registries	RawkitUI — Pop-Brutalist Component Library & Design System	Remix/React Router		Radix, Tailwind	Motion (Framer Motion)	Recharts, lucide icons	JS motion	Light, muted, pink accent · mono accents · marquee	JetBrains Mono	Cloudflare	4.3.3
react-aria.adobe.com	shadcn registries	React Aria	React		Radix, React Aria, Tailwind	Motion (Framer Motion), View Transitions API, CSS scroll-driven	lucide icons	Scroll-choreographed	Light + dark (follows OS) · span grid	adobe-clean-arabic, adobe-clean-hebrew	AWS CloudFront	4.0.17
react-easy-modals-docs.vercel.app	shadcn registries	React Easy Modals - Simple, powerful modal system for React	Next.js		shadcn/ui (likely), Base UI, Headless UI, Tailwind	Motion (Framer Motion)		JS motion	Light + dark (follows OS), muted	Geist	Vercel	
react-slot.vercel.app	shadcn registries	React Slot	Next.js		shadcn/ui (likely), Radix, Tailwind		lucide icons	Static/CSS	Light, muted · mono accents · span grid · canvas	Geist, Geist Mono	Vercel	
registry.directory	shadcn registries	registry.directory — The explorer for the shadcn registry e…	Next.js		shadcn/ui (likely), Radix, Base UI, React Aria, Tailwind	Lenis, Motion (Framer Motion)	Recharts, lucide icons, Heroicons	Scroll-choreographed	Light + dark (follows OS), muted · mono accents · span grid · marquee	IBM Plex Mono, Schibsted Grotesk	Vercel	4.0.8
registry.joyco.studio	shadcn registries	Introduction   JOYCO Hub	Next.js		shadcn/ui (likely), Radix, Tailwind	three.js, React Three Fiber, GSAP, GSAP ScrollTrigger, react-spring	Recharts, cmdk, lucide icons	3D/WebGL	Dark, muted · mono accents · marquee	Roboto Mono, Public Sans	Vercel	
remocn.dev	shadcn registries	Remocn - Make a product demo video with your AI agent	Next.js		shadcn/ui (likely), Radix, Base UI, Tailwind, Registry motion classes	Paper Shaders, Motion (Framer Motion)	cmdk, Vaul, lucide icons	3D/WebGL	Light + dark (follows OS), muted · mono accents · span grid · marquee · video	Manrope, Geist Mono		
remotionui.com	shadcn registries	RemotionUI – Production-ready motion for Remotion. Source y…	Next.js		Radix, Tailwind	Motion (Framer Motion)	lucide icons	JS motion	Dark, muted · serif display · mono accents · span grid · video · canvas	IBM Plex Sans, Newsreader	Vercel	
rescript-shadcn.miriad.studio	shadcn registries	Rescript-Shadcn	Next.js		shadcn/ui (likely), Base UI, Tailwind		Recharts, cmdk, Sonner, Vaul	Static/CSS	Light + dark (follows OS), muted · mono accents	Geist Mono, Geist	Vercel	4.2.1
retroui.dev	shadcn registries	NeoBrutalism — Retro UI components for React	Next.js		shadcn/ui (likely), Radix, Base UI, Tailwind, Registry motion classes	CSS scroll-driven	cmdk, Vaul, lucide icons	Scroll-choreographed	Light + dark (follows OS), vivid, yellow accent · mono accents · span grid · marquee	Lexend, Inter	Cloudflare	
roiui.com	shadcn registries	Roi UI - Component system with CSS Modules	Next.js		shadcn/ui (likely), Base UI, Tailwind	Motion (Framer Motion)	lucide icons	JS motion	Dark, muted	GeistSans	Vercel	
saaskit-theta.vercel.app	shadcn registries	Saaskit — Registry shadcn/ui pour B2B SaaS	React		shadcn/ui (likely), Radix, Tailwind		Recharts, cmdk, Sonner, Vaul, lucide icons	Static/CSS	Dark, muted, teal accent · serif display · canvas	Fraunces, Geist	Vercel	4.1.14
sans.sansorigin.com	shadcn registries	Santhoshkumar Sakthivel – Software Developer	Next.js		shadcn/ui (likely), Base UI, Tailwind	Motion (Framer Motion), CSS scroll-driven	cmdk, Sonner, lucide icons	Scroll-choreographed	Light + dark (follows OS), muted · serif display · span grid	Caveat, IBM Plex Serif	Vercel	
satoriui.site	shadcn registries	SatoriUI	Next.js		shadcn/ui (likely), Tailwind	Motion (Framer Motion)	lucide icons	JS motion	Dark, muted · canvas	Geist	Vercel	
sc1m.vercel.app	shadcn registries	sc1m — a multi-brand design system	Next.js		Base UI, Tailwind			Static/CSS	Light + dark (follows OS), muted · mono accents	Geist Mono, Geist	Vercel	
scrimui.dev	shadcn registries	Copy-ready UI components for AI products — Scrim UI	Next.js		HeroUI/NextUI, daisyUI, Flowbite, Tailwind, Emotion		lucide icons	Static/CSS	Light + dark (follows OS), muted · mono accents	Geist Mono, Geist	Vercel	
scrollxui.dev	shadcn registries	ScrollX UI – Interactive React Components for Modern UIs	Next.js		shadcn/ui (likely), Radix, Tailwind	three.js, Motion (Framer Motion)	Sonner, Vaul, lucide icons	3D/WebGL	Light + dark (follows OS), muted · mono accents · marquee · video	Geist Mono, Geist	Vercel	
seamui.dev	shadcn registries	seamui	Next.js		shadcn/ui (likely), Base UI, Tailwind	Motion (Framer Motion)	lucide icons	JS motion	Light + dark (follows OS), muted		Vercel	4.3.2
sevenui.dev	shadcn registries	SevenUI	Next.js		shadcn/ui (likely), Base UI, Tailwind	Motion (Framer Motion), View Transitions API	Recharts, lucide icons	JS motion	Light + dark (follows OS), muted · mono accents	Inter, IBM Plex Mono	Vercel	
sf-fleet-hud.vercel.app	shadcn registries	SF FLEET HUD — shadcn/ui registry	Next.js		shadcn/ui (likely), Radix, Tailwind		cmdk, Sonner	Static/CSS	Dark, muted · mono accents · canvas	Saira Condensed, Share Tech Mono	Vercel	4.1.11
shadcn-braille-loader.vercel.app	shadcn registries	Braille Loader - Animated shadcn/ui Loaders	Next.js		shadcn/ui (likely), Tailwind		lucide icons	Static/CSS	Light, muted · mono accents · marquee	Geist Mono, Geist	Vercel	4.1.11
shadcn-editor.vercel.app	shadcn registries	Shadcn Editor	React		shadcn/ui (likely), Radix, Base UI, Tailwind	CSS scroll-driven	Recharts, Lexical, cmdk	Scroll-choreographed	Light + dark (follows OS), muted	Inter, KaTeX_Main	Vercel	
shadcn-hooks.com	shadcn registries	Shadcn Hooks	Next.js		shadcn/ui (likely), Radix, Tailwind	Motion (Framer Motion), react-spring	Recharts, cmdk, Vaul, lucide icons	JS motion	Light + dark (follows OS), muted		Cloudflare	
shadcn-loaders.vercel.app	shadcn registries	Shadcn Loaders - 42 React Spinners & Loaders	React		Tailwind, Registry motion classes		lucide icons	JS motion	Light, muted · marquee	Inter	Vercel	4.3.3
shadcn-map.vercel.app	shadcn registries	A Map Component for shadcn/ui - shadcn map	Next.js		shadcn/ui (likely), Radix, Tailwind		Mapbox/MapLibre/Leaflet, cmdk, Sonner, lucide icons	Static/CSS	Light + dark (follows OS), muted · mono accents	Inter, Geist Mono	Vercel	
shadcn-ui-blocks.com	shadcn registries	3,900+ Free & Pro Shadcn Blocks   Shadcn UI Blocks	Next.js		shadcn/ui (likely), Radix, Tailwind		Recharts, cmdk, Sonner, Vaul, lucide icons	Static/CSS	Light + dark (follows OS), muted · span grid	Inter	Vercel	
shadcncraft.com	shadcn registries	shadcn/ui components, blocks, and Figma library – shadcncra…	Next.js		shadcn/ui (likely), Radix, Tailwind, Registry motion classes	CSS scroll-driven	Recharts, cmdk, Sonner, Vaul, Swiper, lucide icons	Scroll-choreographed	Light + dark (follows OS), muted · mono accents · marquee · video	Geist, Geist Mono	Vercel	
shadcndashboard.dev	shadcn registries	Shadcn Dashboard, UI Blocks and Components for React, Next.…	Next.js		shadcn/ui (likely), Base UI, Tailwind, Registry motion classes	Motion (Framer Motion), View Transitions API	Recharts, cmdk, Vaul, lucide icons	JS motion	Light + dark (follows OS), muted · span grid · marquee · video	Geist	Vercel	
shadcndesign.com	shadcn registries	shadcn/ui Figma Kit & Design System (2,000+ Components)	Next.js		shadcn/ui (likely), Radix, Tailwind	Motion (Framer Motion)	Recharts, cmdk, Vaul, lucide icons, Phosphor icons	JS motion	Light, muted · mono accents · span grid · video	Geist Mono, Geist	Vercel	
shadcnmaps.com	shadcn registries	shadcnmaps — Interactive SVG Map Components for React	Next.js		shadcn/ui (likely), Base UI, Tailwind		lucide icons	Static/CSS	Light + dark (follows OS), muted · mono accents	Inter, Geist Mono	Vercel	
shadcnspace.com	shadcn registries	Shadcn UI Blocks, Templates, and Components   Free and Pro	Next.js		shadcn/ui (likely), Radix, Base UI, Tailwind, Registry motion classes	View Transitions API, CSS scroll-driven	Recharts, ApexCharts, cmdk, Vaul, lucide icons	Scroll-choreographed	Light, muted, yellow accent · serif display · span grid · marquee	Google Sans, Instrument Serif	Vercel	
shadcnstore.com	shadcn registries	269 Shadcn UI Blocks & Templates for React   ShadcnStore	Laravel, Livewire, Alpine.js		shadcn/ui (likely), Tailwind, Registry motion classes		Recharts, cmdk, Vaul, lucide icons	JS motion	Light, muted · mono accents · span grid · marquee	Instrument Sans, JetBrains Mono	Cloudflare	4.3.3
shadcnui-blocks.com	shadcn registries	Shadcn UI Blocks & Components	Next.js		shadcn/ui (likely), Radix, Base UI, Tailwind, Registry motion classes		Recharts, cmdk, Sonner, Vaul, lucide icons	JS motion	Light + dark (follows OS), muted · mono accents · span grid · marquee	Geist Mono, Geist	Vercel	
shadcnuikit.com	shadcn registries	Shadcn UI Kit: Admin Dashboards, UI Blocks, Components & We…	Next.js		shadcn/ui (likely), Radix, Tailwind	Motion (Framer Motion), CSS scroll-driven	Recharts, Mapbox/MapLibre/Leaflet, cmdk, Sonner, Vaul, Embla Carousel, lucide icons	Scroll-choreographed	Light, muted · span grid	Inter, Mynerve	Vercel	
shark.vini.one	shadcn registries	Shark UI	Next.js		shadcn/ui (likely), React Aria, Ark UI / Zag, Tailwind, Registry motion classes		Recharts, lucide icons	JS motion	Light + dark (follows OS), muted · mono accents · marquee	Hanken Grotesk, JetBrains Mono	Vercel	
shieldcn.dev	shadcn registries	shieldcn — Beautiful README Badges & Charts	Next.js		shadcn/ui (likely), Radix, Tailwind	Motion (Framer Motion)	Recharts, cmdk, Sonner, Vaul, lucide icons	JS motion	Light + dark (follows OS), muted · mono accents · marquee	Fira Code, Geist	Vercel	
shivrajroy.in	shadcn registries	Shivraj Roy – Frontend Engineer	Next.js		shadcn/ui (likely), Radix, Base UI, Tailwind, Registry motion classes	GSAP, Motion (Framer Motion), CSS scroll-driven	cmdk, Sonner, lucide icons	Scroll-choreographed	Light + dark (follows OS), muted · marquee · canvas	GeistSans, GeistMono	Vercel	
shrutishankarnarayanan.com/components	shadcn registries	Components   Shruti Shankar Narayanan	Next.js		shadcn/ui (likely), Tailwind	Lenis, Motion (Framer Motion)	cmdk, lucide icons	Scroll-choreographed	Light + dark (follows OS), muted · serif display · marquee	Manrope, Caveat	AWS CloudFront	
simple-ai.dev	shadcn registries	simple-ai	React		shadcn/ui (likely), Base UI, Tailwind		Tiptap/ProseMirror, lucide icons	Static/CSS	Light + dark (follows OS), muted	Geist	Cloudflare	
sitesearch.algolia.com	shadcn registries	Algolia SiteSearch	Next.js		shadcn/ui (likely), Radix, Tailwind, Registry motion classes	Motion (Framer Motion)	lucide icons	JS motion	Light + dark (follows OS), muted, blue accent · mono accents	Geist Mono, Geist	Netlify	4.1.14
skecher-ui.com	shadcn registries	Skecher UI - Motion Components for React	Next.js		shadcn/ui (likely), Tailwind	Motion (Framer Motion)	Recharts, cmdk, Vaul, lucide icons	JS motion	Dark, muted · mono accents · span grid · marquee	Geist Mono, Geist	Vercel	4.1.11
slide-cn.com	shadcn registries	Slide-CN - Create Beautiful Presentations Using Code	Next.js		shadcn/ui (likely), Tailwind, Registry motion classes	Motion (Framer Motion)	Lexical, lucide icons	JS motion	Dark, muted · mono accents	Geist, Geist Mono	Vercel	
slidecn.vercel.app	shadcn registries	slidecn - Beautiful presentations, made simple	Next.js		shadcn/ui (likely), Radix, Tailwind	GSAP ScrollTrigger, Motion (Framer Motion), View Transitions API	cmdk, Sonner, Vaul, lucide icons	Scroll-choreographed	Light + dark (follows OS), muted · mono accents · span grid	Inter, Geist Mono	Vercel	
snapcn.dev	shadcn registries	snapcn — Remotion components, installed with shadcn	Next.js		shadcn/ui (likely), Radix, Base UI, Tailwind	View Transitions API, CSS scroll-driven	Recharts, cmdk, Vaul, lucide icons	Scroll-choreographed	Light + dark (follows OS), muted · mono accents · span grid · video · canvas	Geist Mono, Geist	Cloudflare	
solaceui.com	shadcn registries	Solace UI   Tastefully Crafted UI blocks for Marketing Pages	Next.js		shadcn/ui (likely), Radix, Base UI, Tailwind	Paper Shaders, Motion (Framer Motion)	lucide icons	3D/WebGL	Light + dark (follows OS), orange accent · span grid · marquee	GeistSans	Vercel	
soundcn.xyz	shadcn registries	soundcn - Free Sound Effects for Modern Web Apps	Next.js		shadcn/ui (likely), Radix, Tailwind	Motion (Framer Motion)	Recharts, cmdk, Vaul	JS motion	Light + dark (follows OS), muted, orange accent · mono accents	Geist Mono, Geist		
spaceui.one	shadcn registries	Space UI - Open-source design library for humans and AI	Next.js		shadcn/ui (likely), Base UI, Tailwind	Motion (Framer Motion), Lottie	lucide icons	JS motion	Light + dark (follows OS), muted · mono accents · span grid · canvas	Inter, Geist Mono	Vercel	
spark-ui-olive.vercel.app	shadcn registries	Spark UI   Components that make interfaces feel alive.	Next.js		shadcn/ui (likely), Radix, Tailwind	Motion (Framer Motion)	cmdk, Sonner, lucide icons	JS motion	Dark, muted · mono accents	Geist Mono, Geist	Vercel	
spell.sh	shadcn registries	Spell UI	Next.js		shadcn/ui (likely), Radix, Base UI, Tailwind	three.js, Motion (Framer Motion)	lucide icons	3D/WebGL	Light, muted · serif display · mono accents · span grid · marquee	Geist Mono, Geist	Vercel	4.1.13
square.lndev.me	shadcn registries	Square UI — Open-source shadcn/ui layouts and templates	Next.js		Tailwind			Static/CSS	Dark, orange accent	Inter, monaSans	Vercel	4.1.18
starseam.astroicers.link	shadcn registries	starseam — 璀璨的星光,誕生於板塊交會的激盪之處	Next.js		shadcn/ui (likely), Radix, Tailwind		cmdk, Sonner	Static/CSS	Light + dark (follows OS), muted · mono accents · span grid	Noto Sans TC, IBM Plex Sans JP	Cloudflare	
styleui.dev	shadcn registries	StyleUI – Handmade UI Templates	Next.js		shadcn/ui (likely), Radix, Base UI, Tailwind	Motion (Framer Motion)	lucide icons	JS motion	Light + dark (follows OS), orange accent		Vercel	
stylexui.dev	shadcn registries	Production-Ready StyleX Components, Blocks & Templates   St…	React		shadcn/ui (likely), Base UI, StyleX, Tailwind	CSS scroll-driven	Recharts, Vaul, lucide icons	Scroll-choreographed	Light + dark (follows OS), muted · span grid	DM Sans	Vercel	
supabase.com/ui	shadcn registries	Supabase Library	Next.js		shadcn/ui (likely), Radix, Tailwind	Motion (Framer Motion)	Recharts, cmdk, Sonner, Vaul, lucide icons	JS motion	Light + dark (follows OS), muted · span grid	Inter	Vercel	
sveltebits.xyz	shadcn registries	Svelte Bits - Animated UI Components For Svelte	SvelteKit, Svelte		Tailwind			Static/CSS	Dark, muted · mono accents · marquee · canvas	Geist, Geist Mono	Cloudflare	4.1.11
svgl.app	shadcn registries	A beautiful library with SVG logos - SVGL	SvelteKit		shadcn/ui (likely), Tailwind		Sonner, lucide icons	Static/CSS	Light + dark (follows OS), muted	Geist, GeistMono	Cloudflare	4.3.3
systaliko-ui.vercel.app	shadcn registries	Systaliko UI — React UI Blocks, Templates & Components	Next.js		shadcn/ui (likely), Radix, Tailwind	Motion (Framer Motion)	lucide icons	JS motion	Light + dark (follows OS), muted · span grid · marquee	Geist	Vercel	
tailgrids.com	shadcn registries	Tailgrids UI – Tailwind React Component Library and Design …	Next.js		Tailwind	Motion (Framer Motion)	ApexCharts, Sonner	JS motion	Light, muted · mono accents · span grid	Geist Mono, DM Sans	Vercel	
tailwind-admin.com	shadcn registries	Free React Shadcn Admin Dashboard Template - Tailwind-Admin…	Next.js		shadcn/ui (likely), Radix, Flowbite, Tailwind, Registry motion classes	Motion (Framer Motion)	Recharts, cmdk, Sonner, lucide icons	JS motion	Dark, muted · span grid · marquee	Geist, DM Sans	Vercel	4.3.3
tailwindbuilder.ai	shadcn registries	AI Powered Forms, Tables & Charts   Tailwind AI Builder	Next.js		shadcn/ui (likely), Radix, Tailwind, Emotion, Registry motion classes		Recharts, Lexical, cmdk, Sonner, Vaul, lucide icons	JS motion	Light, muted · span grid · marquee	DM Sans	Vercel	4.1.14
taki-ui.com	shadcn registries	It's Shadcn but with React Aria - taki-ui	Next.js		shadcn/ui (likely), Radix, React Aria, Tailwind		Recharts, cmdk, Sonner, Vaul, lucide icons	Static/CSS	Light + dark (follows OS), muted · mono accents · span grid	Inter, Geist	Vercel	4.1.11
termcn.vercel.app	shadcn registries	termcn - Beautiful terminal UIs, made simple	Next.js		shadcn/ui (likely), Radix, Tailwind	Motion (Framer Motion), View Transitions API	cmdk, Sonner, Vaul, lucide icons	JS motion	Light + dark (follows OS), muted · mono accents · span grid	Inter, Geist Mono	Vercel	4.2.2
terrae.dev	shadcn registries	terrae - Composable map components for React	Next.js		shadcn/ui (likely), Tailwind		Mapbox/MapLibre/Leaflet, lucide icons	Static/CSS	Dark, muted, violet accent · mono accents · span grid	Geist, Geist Mono	Vercel	
tetra-ui.com	shadcn registries	tetra-ui	Next.js		shadcn/ui (likely), Radix, Tailwind		lucide icons	Static/CSS	Light + dark (follows OS), muted	Geist	Vercel	
thegridcn.com	shadcn registries	The Gridcn   Tron-Inspired shadcn/ui Theme	Next.js		shadcn/ui (likely), Radix, Tailwind	three.js, React Three Fiber, react-spring	Recharts, cmdk, Sonner, Vaul, lucide icons	3D/WebGL	Dark, teal accent · mono accents · span grid	Rajdhani, Geist Mono	Vercel	
threecn.dev	shadcn registries	threecn — 3D scenes for shadcn/ui	Next.js		shadcn/ui (likely), Base UI, Tailwind	three.js		3D/WebGL	Dark, muted, violet accent	GeistSans, GeistMono	Vercel	
tocn.vercel.app	shadcn registries	toc-cn	Next.js		shadcn/ui (likely), Radix, Tailwind		lucide icons	Static/CSS	Mid-tone, muted · mono accents	Geist Mono, Geist	Vercel	4.1.11
toggles.dev	shadcn registries	Beautiful Theme Toggles for React, Svelte, and Vue   Toggle…	Astro		Tailwind	View Transitions API		JS motion	Light + dark (follows OS), muted · mono accents	Geist Mono, Geist	Vercel	4.3.3
tokenui.dev	shadcn registries	Token UI   Design System Documentation Components	Next.js		shadcn/ui (likely), Radix, Tailwind	Motion (Framer Motion)	lucide icons	JS motion	Light + dark (follows OS), blue accent · serif display · mono accents	Geist, Geist Mono	Vercel	
tool-ui.com	shadcn registries	Tool UI	Next.js	WordPress	shadcn/ui (likely), Radix, Tailwind	Motion (Framer Motion), View Transitions API	Recharts, Mapbox/MapLibre/Leaflet, lucide icons	JS motion	Light, muted	GeistSans, GeistMono	Vercel	
trychannel3.com/developers/ui	shadcn registries	Channel3 UI   React Shopping Components for the Channel3 API	Remix/React Router		shadcn/ui (likely), Radix, Tailwind, Registry motion classes	View Transitions API, CSS scroll-driven	Recharts, cmdk, Sonner, lucide icons	Scroll-choreographed	Light + dark (follows OS), red accent · span grid · marquee	Inter	Cloudflare	4.3.3
tryelements.dev	shadcn registries	Elements - Full Stack Components by Crafter Station	Next.js		shadcn/ui (likely), Radix, Tailwind, Emotion	Motion (Framer Motion)	cmdk, Sonner, lucide icons	JS motion	Light + dark (follows OS), muted	Doto, GeistSans	Vercel	
tuiparts.sh	shadcn registries	tuiparts.sh — Primitives and recipes for your terminal UI	Astro		Tailwind			Static/CSS	Light + dark (follows OS), muted, blue accent · mono accents	IBM Plex Mono-66157aa95d42a4d7, Commit Mono	Cloudflare	4.3.2
turbopills.com/ui/docs	shadcn registries	Introduction - Turbopills UI   Turbopills	Next.js		shadcn/ui (likely), Radix, Tailwind	Motion (Framer Motion)	Recharts, lucide icons	JS motion	Light + dark (follows OS), muted	DM Sans	Vercel	
tween-ui.vercel.app	shadcn registries	Tween UI — GSAP & CSS animated components for React. Copy t…	Next.js		Radix, Tailwind	GSAP, GSAP ScrollTrigger	Swiper, lucide icons	Scroll-choreographed	Dark · span grid · video	Public Sans, Outfit	Vercel	
typedora-ui.netlify.app	shadcn registries	Typedora UI - Type-Safe Components for React	React		shadcn/ui (likely), Radix, Tailwind	Motion (Framer Motion)	cmdk	JS motion	Light + dark (follows OS), muted		Netlify	
ui-layouts.com	shadcn registries	Ui-Layouts   Your Frontend Universe	Next.js		shadcn/ui (likely), Radix, Tailwind, Registry motion classes	three.js, React Three Fiber, Lenis, Motion (Framer Motion)	cmdk, Sonner, Vaul, lucide icons	3D/WebGL	Light + dark (follows OS), muted, blue accent · span grid · marquee	Manrope, Poppins	Vercel	4.3.2
ui-three-mu.vercel.app	shadcn registries	Introduction - preskok/ui	Next.js		shadcn/ui (likely), Radix, React Aria, Tailwind		Recharts, Tiptap/ProseMirror, cmdk, Sonner, lucide icons	Static/CSS	Light + dark (follows OS), muted · mono accents · span grid	Geist Mono, Geist	Vercel	
ui.8starlabs.com	shadcn registries	8StarLabs UI	Next.js		shadcn/ui (likely), Radix, Base UI, Tailwind	CSS scroll-driven	cmdk, Vaul, lucide icons	Scroll-choreographed	Light + dark (follows OS), muted · mono accents · span grid · marquee	Geist Mono, Geist	Vercel	
ui.aevr.online	shadcn registries	aevr/ui	Next.js		shadcn/ui (likely), Radix, Tailwind	Motion (Framer Motion)	cmdk, Sonner, Vaul, lucide icons	JS motion	Light + dark (follows OS), vivid, blue accent	Host Grotesk, Parkinsans	Vercel	4.1.12
ui.amarjay.com	shadcn registries	ui.amarjay	React		shadcn/ui (likely), Radix, Tailwind	CSS scroll-driven	Recharts, cmdk, Vaul, lucide icons	Scroll-choreographed	Light + dark (follows OS), muted · serif display	Roboto, Noto Serif	Vercel	4.3.3
ui.beste.co	shadcn registries	Beste UI - Production-ready shadcn/tailwind blocks & compon…	Next.js		shadcn/ui (likely), Radix, Tailwind	Motion (Framer Motion)	Recharts, cmdk, Sonner, Vaul, lucide icons	JS motion	Mid-tone · mono accents · marquee	Geist Mono, Plus Jakarta Sans	Vercel	
ui.bklit.com	shadcn registries	Bklit UI - Charts & Data Visualization Components	Next.js		shadcn/ui (likely), Radix, Base UI, Tailwind	Motion (Framer Motion), View Transitions API, CSS scroll-driven		Scroll-choreographed	Light + dark (follows OS), muted · serif display · span grid · canvas	Source Serif 4, GeistSans	Vercel	
ui.cnippet.dev	shadcn registries	Cnippet UI	Next.js		shadcn/ui (likely), Base UI, Tailwind	Motion (Framer Motion)	Recharts, lucide icons	JS motion	Light + dark (follows OS), muted · serif display · mono accents	Geist Mono, Geist	Vercel	
ui.corr.sh	shadcn registries	ui.corr.sh	Remix/React Router		shadcn/ui (likely), Radix, Base UI, Tailwind	Motion (Framer Motion)	Recharts, cmdk, Sonner, Vaul, lucide icons	JS motion	Light + dark (follows OS), muted	Inter	nginx/1.24.0 (ubuntu)	
ui.d2studio.dev	shadcn registries	D2 Studio   Modern Component Library	Next.js		shadcn/ui (likely), Radix, Tailwind, Registry motion classes	GSAP, GSAP ScrollTrigger, Motion (Framer Motion)	Recharts, cmdk, Sonner, Vaul, lucide icons	Scroll-choreographed	Dark, muted · serif display · mono accents · span grid · marquee · canvas	Inter, Geist Mono	Vercel	
ui.doras.to	shadcn registries	Doras UI - Beautiful React Component Library	React		shadcn/ui (likely), Radix, Tailwind		lucide icons	Static/CSS	Dark, muted		openresty	
ui.eindev.ir	shadcn registries	Ein UI - Liquid Glass UI Library for React & Next.js	Next.js		shadcn/ui (likely), Radix, Tailwind	Motion (Framer Motion)	lucide icons	JS motion	Dark, blue accent · mono accents	Geist Mono, Geist	Vercel	
ui.emstein.com	shadcn registries	emstein ui	Next.js		shadcn/ui (likely), Tailwind		lucide icons	Static/CSS	Light, muted · mono accents	Inter, Geist Mono	Vercel	
ui.ericts.com	shadcn registries	ericts/ui Registry	Next.js		shadcn/ui (likely), Radix, Base UI, Tailwind	Motion (Framer Motion)	cmdk, Vaul, lucide icons	JS motion	Light + dark (follows OS), muted · mono accents	Geist Mono, Geist	Vercel	
ui.extend.ai	shadcn registries	Open source UI kit for modern document apps - Extend UI	Next.js		shadcn/ui (likely), Radix, Base UI, Tailwind		cmdk, Sonner, Vaul	Static/CSS	Light + dark (follows OS), muted · serif display	Noto Sans, Noto Serif	Vercel	
ui.flexnative.com	shadcn registries	Ship UI. Keep the Taste - Flexnative	Next.js		shadcn/ui (likely), Radix, Base UI, Tailwind	Motion (Framer Motion), CSS scroll-driven	Recharts, cmdk, Sonner, lucide icons	Scroll-choreographed	Light, muted · mono accents · span grid	Inter, JetBrains Mono	Vercel	
ui.heygaia.io	shadcn registries	GAIA UI - Open Source Components for AI Assistants - GAIA UI	Next.js		shadcn/ui (likely), Radix, Tailwind		Recharts, cmdk	Static/CSS	Light + dark (follows OS), muted, blue accent · serif display	Inter, Instrument Serif	Vercel	
ui.iandefined.com	shadcn registries	Thoughtful Component Registry for Product Engineers   iande…	React		shadcn/ui (likely), Base UI, Ark UI / Zag, Tailwind	Motion (Framer Motion)	Mapbox/MapLibre/Leaflet, Sonner, lucide icons	JS motion	Light + dark (follows OS), muted · mono accents · marquee	Geist, Geist Mono	Cloudflare	4.3.3
ui.ilinxa.com	shadcn registries	ilinxa pro-ui — professional components built on shadcn/ui	Next.js		shadcn/ui (likely), Radix, Tailwind	Motion (Framer Motion)	cmdk, lucide icons	JS motion	Light + dark (follows OS), muted · serif display · mono accents	Kalam, JetBrains Mono	Vercel	
ui.inference.sh	shadcn registries	ui components   inference shell	Remix/React Router		shadcn/ui (likely), Radix, Base UI, Tailwind, Registry motion classes		Recharts, cmdk, Sonner, lucide icons	JS motion	Light, muted · span grid · marquee	Mona Sans, hack	Cloudflare	4.3.3
ui.isaiahbjork.com	shadcn registries	Björk UI	Next.js		shadcn/ui (likely), Radix, Tailwind, Registry motion classes	Motion (Framer Motion)	Recharts, cmdk, Sonner, Vaul, lucide icons	JS motion	Dark, muted · mono accents · marquee · canvas	Geist Mono, Geist	Vercel	
ui.justinlevine.me	shadcn registries	Components — jal-co/ui — jal-co/ui	Next.js		shadcn/ui (likely), Radix, Tailwind	Motion (Framer Motion)	lucide icons	JS motion	Light + dark (follows OS), muted · mono accents · marquee	Fira Code, Geist Mono	Vercel	
ui.manifest.build	shadcn registries	ChatGPT apps shadcn/ui components - Manifest UI	Next.js		shadcn/ui (likely), Radix, Tailwind		Mapbox/MapLibre/Leaflet, lucide icons	Static/CSS	Light + dark (follows OS) · mono accents · canvas	Geist, Geist Mono	Vercel	
ui.meta-cloud-api.site	shadcn registries	WA UI — WhatsApp Web UI components for shadcn/ui	Next.js		shadcn/ui (likely), Base UI, Tailwind		lucide icons	Static/CSS	Dark · mono accents · video	Inter, JetBrains Mono	Cloudflare	
ui.navdeepsingh.dev	shadcn registries	NavUI · Blocks · Components · Templates · Navdeep Singh	Next.js		shadcn/ui (likely), Radix, React Aria, Tailwind	Motion (Framer Motion)	cmdk, Sonner, lucide icons	JS motion	Light, muted · mono accents	Inter, Geist Mono	Vercel	
ui.nekode.id	shadcn registries	nekode/ui — shadcn form fields, blocks & templates	React		shadcn/ui (likely), Base UI, Tailwind	Motion (Framer Motion), CSS scroll-driven	Sonner, lucide icons	Scroll-choreographed	Light + dark (follows OS), muted	Inter	Cloudflare	4.3.3
ui.neon.com	shadcn registries	Neon UI — The UI layer for building with Neon	Astro		shadcn/ui (likely), Base UI, Tailwind	CSS scroll-driven	Recharts	Scroll-choreographed	Dark, muted, teal accent · mono accents · canvas	Inter-b3ad1a2eee839360, Inter-b3ad1a2eee839360 fallback: Arial	Vercel	4.3.3
ui.pacekit.dev	shadcn registries	Craft Beautifully, Ship Faster React Apps with PaceUI	React		shadcn/ui (likely), Base UI, Tailwind	Motion (Framer Motion), View Transitions API, CSS scroll-driven	Recharts, D3, ECharts, cmdk, Vaul, lucide icons	Scroll-choreographed	Light + dark (follows OS), muted · span grid	DM Sans	Vercel	
ui.persian-labs.ir	shadcn registries	PersianLabs/ui — Copy-paste components for Persian interfac…	Next.js		shadcn/ui (likely), Base UI, Tailwind	CSS scroll-driven	lucide icons	Scroll-choreographed	Light + dark (follows OS), muted · serif display	Roboto, IBM Plex Sans	Netlify	
ui.pipecat.ai	shadcn registries	Pipecat UI	Next.js		shadcn/ui (likely), Base UI, Tailwind		Recharts, lucide icons	Static/CSS	Light + dark (follows OS) · mono accents	JetBrains Mono, Geist	Vercel	
ui.radiumcoders.com	shadcn registries	XCN/UI	React		shadcn/ui (likely), Tailwind	Motion (Framer Motion)	Vaul	JS motion	Dark, muted · mono accents	Fira Code, Inter	Vercel	
ui.retab.com	shadcn registries	The Foundation for your Document Workflows - Retab UI	Next.js		shadcn/ui (likely), Radix, Tailwind		cmdk, Sonner, Vaul, lucide icons	Static/CSS	Light + dark (follows OS), muted · serif display	Noto Sans, Noto Serif	Vercel	
ui.saastro.io	shadcn registries	Saastro Blocks — Landing page blocks for Astro	Astro		shadcn/ui (likely), Tailwind		Recharts, Vaul	Static/CSS	Light + dark (follows OS), muted	Hanken Grotesk	Cloudflare	4.3.3
ui.shadcn.com/oidc	shadcn registries	OIDC UI - Components for building OIDC configuration interf…	Next.js		shadcn/ui (likely), Radix, Base UI, Tailwind		cmdk, lucide icons	Static/CSS	Light + dark (follows OS), muted · mono accents	Geist Mono, Geist	Vercel	
ui.soralabs.studio	shadcn registries	Sora UI – Animated React Components for shadcn/ui	Next.js		shadcn/ui (likely), Radix, Base UI, Tailwind, Registry motion classes	GSAP, GSAP ScrollTrigger, Lenis, Motion (Framer Motion)	cmdk, Sonner, lucide icons	Scroll-choreographed	Light + dark (follows OS), muted, orange accent · marquee · canvas	Dancing Script, fontSfPro	Vercel	
ui.spectrumhq.in	shadcn registries	Spectrum UI — Animated React Components & Blocks	Next.js		shadcn/ui (likely), Radix, Tailwind, Registry motion classes	Motion (Framer Motion)	Recharts, cmdk, Sonner, lucide icons	JS motion	Light + dark (follows OS), muted · marquee	Spectral, Inter	Vercel	
ui.ssych.com	shadcn registries	ssych ui — dark, data-dense React components	Remix/React Router		Tailwind, Registry motion classes	Motion (Framer Motion)	lucide icons, Phosphor icons	JS motion	Dark, muted · marquee	Sora	Vercel	4.3.0
ui.starck.studio	shadcn registries	STARCK UI	Next.js		shadcn/ui (likely), Tailwind	Motion (Framer Motion)		JS motion	Light + dark (follows OS), muted, blue accent · mono accents	Geist Mono, Geist	Vercel	
ui.tinkererslabs.com	shadcn registries	Mischief UI   Playful React Components for shadcn	Next.js		shadcn/ui (likely), Base UI, Tailwind	three.js, Lenis, Motion (Framer Motion)	lucide icons	3D/WebGL	Light + dark (follows OS), muted · mono accents · span grid · marquee	Geist Mono, Bricolage Grotesque	Cloudflare	
ui.tripled.work	shadcn registries	UI Components, Blocks & Pages	Next.js		shadcn/ui (likely), Radix, Base UI, Tailwind	Motion (Framer Motion)	Recharts	JS motion	Light + dark (follows OS), muted · mono accents	Geist Mono, Geist	Vercel	
ui.trophy.so	shadcn registries	Gamification UI Kit by Trophy	Next.js		shadcn/ui (likely), Radix, Tailwind	Motion (Framer Motion)	Recharts, cmdk, lucide icons	JS motion	Light + dark (follows OS), muted · mono accents · span grid	Geist Mono, Geist	Cloudflare	4.2.0
ui.unlumen.com	shadcn registries	unlumen UI – Beautifully Designed React Components	Next.js		shadcn/ui (likely), Radix, Tailwind	Motion (Framer Motion), View Transitions API	cmdk, Vaul, lucide icons	JS motion	Light + dark (follows OS), muted · serif display	Nunito, Instrument Sans	Vercel	4.1.13
ui.velobits.dev	shadcn registries	VeloBits UI	Next.js		shadcn/ui (likely), Radix, Tailwind	Motion (Framer Motion)	cmdk	JS motion	Light + dark (follows OS), muted, pink accent · mono accents	JetBrains Mono, Geist	Vercel	
ui.wensity.com/components	shadcn registries	Animated React UI Components for Next.js   Wensity UI	Next.js		Radix, Base UI, Tailwind, Registry motion classes	Motion (Framer Motion)	Recharts	JS motion	Dark, muted, red accent · marquee	cabinetGrotesk, satoshi	Vercel	
uiable.com	shadcn registries	UIAble - Component Library	Next.js		shadcn/ui (likely), Base UI, Tailwind	View Transitions API, CSS scroll-driven	Recharts, cmdk, Sonner, Vaul, lucide icons	Scroll-choreographed	Light, violet accent · span grid · marquee	Inter var	Cloudflare	
uicapsule.com	shadcn registries	UICapsule	Next.js		shadcn/ui (likely), Base UI, Tailwind	Motion (Framer Motion)	cmdk, lucide icons	JS motion	Light + dark (follows OS), muted · marquee	monoFont	Vercel	
uiception.com	shadcn registries	uiception	Next.js		shadcn/ui (likely), Tailwind	View Transitions API, CSS scroll-driven	Recharts, cmdk, Sonner, Vaul, lucide icons	Scroll-choreographed	Light + dark (follows OS), muted · serif display · mono accents · marquee	IBM Plex Serif, JetBrains Mono	Vercel	
uniquel.io	shadcn registries	Uniquel   UI library for SaaS businesses	Next.js		Tailwind	Motion (Framer Motion)		JS motion	Light, muted, blue accent	Plus Jakarta Sans, DM Sans	Vercel	
uselayouts.com	shadcn registries	useLayouts   Free animated React components	Next.js		shadcn/ui (likely), Base UI, Tailwind, Registry motion classes	Motion (Framer Motion)	cmdk, Vaul	JS motion	Light, vivid, blue accent · mono accents · marquee	Inter, Geist Mono	Vercel	
usepaykit.dev	shadcn registries	PayKit - Build payments without vendor lock-in	Next.js		shadcn/ui (likely), Radix, Tailwind		Sonner, lucide icons	Static/CSS	Dark, muted · serif display · mono accents	JetBrains Mono, DM Sans	Vercel	4.1.11
usva.build	shadcn registries	usva. · Beautiful, usable React components	Next.js		Base UI, Tailwind, Registry motion classes	Motion (Framer Motion)	lucide icons	JS motion	Light + dark (follows OS), vivid · mono accents · span grid · canvas	Fira Sans, Fira Code	Vercel	
utilcn.dev	shadcn registries	utilcn - Utility Functions Registry	Next.js		shadcn/ui (likely), Radix, Tailwind		lucide icons	Static/CSS	Light + dark (follows OS), muted	Lexend	Vercel	4.1.13
uui.app	shadcn registries	UI	Next.js		shadcn/ui (likely), Radix, Tailwind	three.js, Motion (Framer Motion)	cmdk, Sonner, Vaul, lucide icons	3D/WebGL	Light, muted · mono accents	IBM Plex Mono, Inter	Vercel	
verno-studio.vercel.app/components	shadcn registries	Components	Next.js, Nuxt		Tailwind	CSS scroll-driven	lucide icons	Scroll-choreographed	Light + dark (follows OS), muted · serif display · mono accents	Geist Mono, Geist	Vercel	
voraui.vercel.app	shadcn registries	Vora UI - Crypto analytics components for shadcn/ui	Next.js		shadcn/ui (likely), Tailwind	Motion (Framer Motion)	lucide icons	JS motion	Light + dark (follows OS), muted · mono accents	Geist Mono, Geist	Vercel	
vue-bits.dev	shadcn registries	Vue Bits - Animated UI Components For Vue	Vue		PrimeReact/PrimeVue, Tailwind	three.js, GSAP, GSAP ScrollTrigger, Lenis		3D/WebGL	Dark, muted · mono accents · marquee	Geist, Geist Mono	Cloudflare	
w3-kit.com	shadcn registries	Open Source Web3 Developer Toolkit — w3-kit	React		shadcn/ui (likely), Tailwind		lucide icons	Static/CSS	Light + dark (follows OS), muted · mono accents	Geist, Geist Sans	Vercel	
washiveil.alexchih.com	shadcn registries	washiveil — warm paper, translucent veils	Next.js		shadcn/ui (likely), Radix, Tailwind	View Transitions API	cmdk, Sonner, Vaul, lucide icons	JS motion	Light + dark (follows OS) · canvas	Noto Sans JP, Noto Sans TC		4.1.11
waves-cn.vercel.app	shadcn registries	waves-cn · Waveform components for shadcn/ui	Next.js		shadcn/ui (likely), Radix, Tailwind	Motion (Framer Motion)	Sonner, lucide icons	JS motion	Light + dark (follows OS), muted · span grid · video	Inter	Vercel	
wds-shadcn-registry.netlify.app	shadcn registries	WDS Shadcn Registry   WDS Shadcn Registry	Astro, Svelte		shadcn/ui (likely), Tailwind		cmdk	Static/CSS	Light + dark (follows OS), muted · mono accents	Geist Mono, Geist Sans	Netlify	
webllm.org/blocks	shadcn registries	WebInfer - Browser-Native AI Protocol	React		shadcn/ui (likely), Radix, Tailwind	Motion (Framer Motion), Rive	Recharts, cmdk, Sonner, Vaul, lucide icons	JS motion	Light + dark (follows OS), muted · mono accents	Geist Mono	Cloudflare	4.1.17
whiskeyjack.net	shadcn registries	Whiskeyjack – a Tauri-first design system	Remix/React Router		Tailwind			Static/CSS	Light + dark (follows OS), muted, blue accent	Inter	GitHub Pages	
wigggle-ui.vercel.app	shadcn registries	WigggleUI - Open Source Widgets for the Web.	Next.js		shadcn/ui (likely), Radix, Tailwind, Registry motion classes	View Transitions API	Recharts, Chart.js, Embla Carousel, lucide icons	JS motion	Light + dark (follows OS), muted · span grid · marquee	Outfit, Courier Prime	Vercel	
witharc.co/components	shadcn registries	Components • Arc	Next.js		shadcn/ui (likely), Tailwind	Motion (Framer Motion)		JS motion	Light, muted	TWKLausanne	Vercel	
wxcn.dev/react	shadcn registries	wxcn — Weather, moon, and tide components	Astro, Vue, Svelte		shadcn/ui (likely), Tailwind		Recharts, lucide icons	Static/CSS	Light + dark (follows OS), muted · serif display · span grid · canvas	Geist, Roboto	Cloudflare	4.3.3
zippystarter.com	shadcn registries	Zippystarter - The perfect starting point for your next pro…	Next.js		shadcn/ui (likely), Radix, Tailwind	Motion (Framer Motion)	Recharts, cmdk, Sonner, Vaul, lucide icons	JS motion	Light, muted · mono accents	IBM Plex Mono	Vercel	4.1.6
alpinejs.dev	Framework & motion-library sites	Alpine.js	Laravel, Livewire, Alpine.js, Hotwire/Turbo		Tailwind			Static/CSS	Light, muted	Karla	Cloudflare	
angular.dev	Framework & motion-library sites	Home • Angular	Angular			View Transitions API	Material Symbols	JS motion	Light + dark (follows OS), muted	Inter Tight, Material Symbols Outlined	Fastly	
animejs.com	Framework & motion-library sites	Anime.js   JavaScript Animation Engine				Lottie, anime.js		JS motion	Dark, muted	Mono, Digital-7	apache	
astro.build	Framework & motion-library sites	Astro	Astro		Tailwind			Static/CSS	Dark, vivid, violet accent · span grid · marquee	Obviously, Inter	Cloudflare	
auto-animate.formkit.com	Framework & motion-library sites	AutoAnimate - Add motion to your apps with a single line of…	Vue			AutoAnimate		JS motion	Light + dark (follows OS), muted, violet accent	silka	Vercel	
babylonjs.com	Framework & motion-library sites	Babylon.js: Powerful, Beautiful, Simple, Open - Web-Based 3…				Babylon.js		3D/WebGL	Dark, vivid, violet accent · video	Open Sans		
biomejs.dev	Framework & motion-library sites	Biome, toolchain of the web	Astro, Svelte					Static/CSS	Light + dark (follows OS), blue accent · mono accents	Geist-b17c5c92c1d3a205, Geist-b17c5c92c1d3a205 fallback: Arial	Netlify	
cypress.io	Framework & motion-library sites	Testing Frameworks for Javascript   Write, Run, Debug   Cyp…	Astro, Vue	Contentful	Tailwind		Swiper	Static/CSS	Light, blue accent · mono accents	Poppins, Roboto	Cloudflare	
effect.website	Framework & motion-library sites	Effect   Production Grade TypeScript	Astro		Tailwind		lucide icons	Static/CSS	Dark, muted · mono accents	Inter-2d43eae1204b97f2, Inter-2d43eae1204b97f2 fallback: Arial	Cloudflare	
elysiajs.com	Framework & motion-library sites	Elysia - Ergonomic Framework for Humans   ElysiaJS	htmx, Vue		Tailwind	Motion (Framer Motion), View Transitions API	Tiptap/ProseMirror, lucide icons	JS motion	Light + dark (follows OS), muted · mono accents	Geist Mono, codicon	Cloudflare	
emberjs.com	Framework & motion-library sites	Ember.js - A framework for ambitious web developers					Highcharts, Mapbox/MapLibre/Leaflet, Lexical, Font Awesome	Static/CSS	Mid-tone, muted, red accent	Inter, Inter web italic	Netlify	
gsap.com	Framework & motion-library sites	Homepage   GSAP				GSAP, GSAP ScrollTrigger		Scroll-choreographed	Dark, green accent · video	Mori	Cloudflare	
hono.dev	Framework & motion-library sites	Hono - Web framework built on Web Standards	Vue					Static/CSS	Light + dark (follows OS), muted	Inter, Punctuation SC	Cloudflare	
htmx.org	Framework & motion-library sites	&#x2F;  htmx - high power tools for html	htmx					Static/CSS	Light + dark (follows OS), muted		Netlify	
lenis.darkroom.engineering	Framework & motion-library sites	Lenis – Smooth Scroll	Next.js		Tailwind	GSAP, GSAP ScrollTrigger, Lenis, Locomotive Scroll		Scroll-choreographed	Mid-tone, vivid · span grid · video	Roboto, Anton	Vercel	
lit.dev	Framework & motion-library sites	Lit						Static/CSS	Light + dark (follows OS), blue accent · mono accents	Manrope, Open Sans	google frontend	
motion.dev	Framework & motion-library sites	Motion (prev Framer Motion): JavaScript & React animation l…	Remix/React Router			Motion (Framer Motion)	lucide icons	JS motion	Mid-tone, vivid, yellow accent · mono accents · video · canvas	TASA Orbiter, Geist Mono	Cloudflare	
nextjs.org	Framework & motion-library sites	Next.js by Vercel - The React Framework	Next.js		shadcn/ui (likely), Radix, Tailwind, Registry motion classes	react-spring, CSS scroll-driven	cmdk	Scroll-choreographed	Light + dark (follows OS), muted · mono accents · span grid · marquee	Geist Mono, GeistSans	Vercel	
nuxt.com	Framework & motion-library sites	Nuxt: The Full-Stack Vue Framework	Nuxt		Flowbite, Tailwind	View Transitions API	Heroicons, Font Awesome, Material Symbols	JS motion	Dark, green accent · span grid · marquee	Public Sans, Public Sans Fallback\: Segoe UI	Vercel	4.3.3
nx.dev	Framework & motion-library sites	Smart Monorepos · Fast CI   Nx		Framer (site builder)		Motion (Framer Motion)		JS motion	Light + dark (follows OS), muted · mono accents	Inter, Geist	Netlify	
pixijs.com	Framework & motion-library sites	PixiJS   The HTML5 Creation Engine   PixiJS						Static/CSS	Dark, muted, red accent		GitHub Pages	
playwright.dev	Framework & motion-library sites	Fast and reliable end-to-end testing for modern web apps   …						Static/CSS	Mid-tone, muted, green accent		GitHub Pages	
pmnd.rs	Framework & motion-library sites	Poimandres	Next.js		Headless UI, Tailwind	react-spring		JS motion	Mid-tone, muted, blue accent · marquee	Inter	GitHub Pages	4.2.2
preactjs.com	Framework & motion-library sites	Preact						Static/CSS	Mid-tone, vivid, violet accent		Netlify	
qwik.dev	Framework & motion-library sites	Framework reimagined for the edge! 📚 Qwik Documentation	Qwik	Builder.io	Tailwind	Motion (Framer Motion), View Transitions API	Mapbox/MapLibre/Leaflet	JS motion	Dark, vivid, blue accent	Poppins	Cloudflare	
react.dev	Framework & motion-library sites	React	Next.js		Radix, Tailwind, Registry motion classes			JS motion	Light + dark (follows OS), muted · marquee	Optimistic Display, Optimistic Text	Vercel	3.4.1
reactrouter.com	Framework & motion-library sites	React Router Official Documentation	Remix/React Router		Tailwind			Static/CSS	Light + dark (follows OS), muted	Inter, Source Code Pro	Fly.io	
remix.run	Framework & motion-library sites	Remix - The Fully-Stacked Web Framework				three.js		3D/WebGL	Dark, muted · mono accents	Inter, JetBrains Mono	Fly.io	
rive.app	Framework & motion-library sites	Rive — the interactive experience engine		Framer (site builder)		Rive		JS motion	Dark, muted, green accent · mono accents · video · canvas	Inter, Inter Display	AWS CloudFront	
spline.design	Framework & motion-library sites	Spline - 3D Design tool in the browser with real-time colla…	Next.js		Radix	three.js, Spline		3D/WebGL	Dark, muted · mono accents · marquee · video	Spline Sans, Brockmann	Vercel	
storybook.js.org	Framework & motion-library sites	Storybook: Frontend workshop for UI development	Next.js		Radix, Tailwind	Motion (Framer Motion)		JS motion	Mid-tone, vivid, red accent · video	Nunito Sans	Netlify	3.4.9
svelte.dev	Framework & motion-library sites	Svelte • Web development for the rest of us	SvelteKit, Svelte					Static/CSS	Light + dark (follows OS), red accent · serif display · mono accents · video	EB Garamond, Fira Mono	Vercel	
tailwindcss.com	Framework & motion-library sites	Tailwind CSS - Rapidly build modern websites without ever l…	Next.js		Headless UI, Tailwind	Motion (Framer Motion)	Heroicons	JS motion	Light + dark (follows OS), muted · span grid	plexMono, inter	Vercel	
tanstack.com	Framework & motion-library sites	TanStack   The open-source application stack for the web.	React		Radix, MUI, Tailwind, Emotion, Registry motion classes	Motion (Framer Motion), react-spring, AutoAnimate, CSS scroll-driven	AG Grid, Sonner	Scroll-choreographed	Light, vivid, teal accent · video	Inter, Bricolage Grotesque	Cloudflare	4.3.0
theatrejs.com	Framework & motion-library sites	Theatre.js - animation toolbox for the web	Next.js		Tailwind	Lenis		Scroll-choreographed	Dark, green accent	Inter, Manrope	Netlify	3.1.6
threejs.org	Framework & motion-library sites	Three.js – JavaScript 3D Library				three.js, anime.js, react-spring		3D/WebGL	Mid-tone, vivid, blue accent · mono accents	Roboto Mono	GitHub Pages	
trpc.io	Framework & motion-library sites	tRPC - Move Fast and Break Nothing. End-to-end typesafe API…			Tailwind			Static/CSS	Mid-tone, muted · marquee · video		Vercel	
turborepo.com	Framework & motion-library sites	Turborepo	Next.js		shadcn/ui (likely), Radix, Tailwind	Motion (Framer Motion), CSS scroll-driven	Sonner, Vaul	Scroll-choreographed	Light + dark (follows OS), muted, blue accent · span grid	GeistSans, GeistMono	Vercel	
unicorn.studio	Framework & motion-library sites	Unicorn Studio — Craft Interactive Graphics that Ship	Vue			Unicorn Studio		3D/WebGL	Dark, muted	Overused Grotesk, Sprat	Vercel	
vite.dev	Framework & motion-library sites	Vite   Next Generation Frontend Tooling	Vue		Tailwind	Rive		JS motion	Dark, violet accent · mono accents · canvas	Inter, Punctuation SC	Netlify	
vitest.dev	Framework & motion-library sites	Vitest   Next Generation testing framework	Vue		Tailwind	Rive		JS motion	Dark, green accent · mono accents · canvas	Inter, Punctuation SC	Netlify	
vuejs.org	Framework & motion-library sites	Vue.js - The Progressive JavaScript Framework   Vue.js	Vue		Emotion			Static/CSS	Light + dark (follows OS), muted, green accent	Inter, Inter4CJK	Netlify	
zod.dev	Framework & motion-library sites	Intro   Zod	Next.js		Radix, Ark UI / Zag, Tailwind, Registry motion classes		cmdk, lucide icons	JS motion	Light + dark (follows OS), muted, blue accent	Inter	Vercel	
14islands.com	Motion-forward studios (capability ceiling)	14islands   Creative design & technology agency	Next.js	Sanity	Radix	three.js, React Three Fiber, Lenis, Motion (Framer Motion), react-spring		3D/WebGL	Light, muted · video	AftenScreen, AftenScreenItalic	Vercel	
activetheory.net	Motion-forward studios (capability ceiling)	Active Theory · Creative Digital Experiences						Static/CSS	Dark, muted	nbarchitekt	Fastly	
aristidebenoist.com	Motion-forward studios (capability ceiling)	Aristide Benoist — Independent developer						Static/CSS	Dark, muted	TNY, jws	AWS CloudFront	
basement.studio	Motion-forward studios (capability ceiling)	basement.studio   We make cool shit that performs.	Next.js	Sanity	Tailwind, styled-components	three.js, React Three Fiber, Motion (Framer Motion), react-spring		3D/WebGL	Dark, muted · mono accents · span grid · marquee	Geist Mono, Geist	Vercel	
bruno-simon.com	Motion-forward studios (capability ceiling)	Bruno's				three.js, GSAP, GSAP ScrollTrigger, Lottie		3D/WebGL	Dark	Pally-Regular, Pally-Medium	nginx/1.24.0 (ubuntu)	
buck.co	Motion-forward studios (capability ceiling)	BUCK	Next.js	Sanity	Chakra UI, Emotion			Static/CSS	Light, muted · marquee	Mabry	Vercel	
clay.global	Motion-forward studios (capability ceiling)	Clay   UX Design & Branding Agency	Next.js	Sanity		three.js, Lottie	Swiper	3D/WebGL	Light, muted · video	UniversalSans-500, UniversalSans-500-Headlines	Vercel	
cuberto.com	Motion-forward studios (capability ceiling)	Cuberto   Digital Design & Development Agency	Astro			GSAP, GSAP ScrollTrigger, Lenis, View Transitions API		Scroll-choreographed	Light, muted · video	Manrope, Suisse Intl	Vercel	
darkroom.engineering	Motion-forward studios (capability ceiling)	where things get developed - darkroom.engineering	Next.js	Sanity		GSAP ScrollTrigger, Lenis, View Transitions API	Splide	Scroll-choreographed	Dark, red accent · marquee · video	therma, sauce	Vercel	
dogstudio.co	Motion-forward studios (capability ceiling)	Dogstudio. Multidisciplinary Creative Studio.		WordPress				Static/CSS	Dark	Heebo, GT Sectra Display	Cloudflare	
exoape.com	Motion-forward studios (capability ceiling)	Exo Ape - Global Digital Design Studio	Nuxt	Storyblok		GSAP, GSAP ScrollTrigger		Scroll-choreographed	Dark, muted · video	Lausanne-300, Lausanne-400	Vercel	
fantasy.co	Motion-forward studios (capability ceiling)	Fantasy   AI-Native Digital Product Design Agency	Nuxt	DatoCMS	Tailwind	three.js, GSAP, GSAP ScrollTrigger, Lenis		3D/WebGL	Dark, muted · span grid · video	sans, condensed	Netlify	3.4.17
halo-lab.com	Motion-forward studios (capability ceiling)	Custom Design and Development Services — Halo Lab		Webflow		Spline, GSAP, GSAP ScrollTrigger, Lenis, Lottie	Swiper, Splide	3D/WebGL	Dark, vivid, blue accent · serif display · marquee · video	Suisse, Instrument Serif	Cloudflare	
hellomonday.com	Motion-forward studios (capability ceiling)	Hello Monday		Contentful		PixiJS, GSAP	Lexical	3D/WebGL	Dark, muted · video	ClarendonBTWXX-Light, nb_internationalprolight	Cloudflare	
igloo.inc	Motion-forward studios (capability ceiling)	Igloo Inc.						Static/CSS	Light		Vercel	
immersive-g.com	Motion-forward studios (capability ceiling)	Immersive Garden	Nuxt			three.js, GSAP, GSAP ScrollTrigger, Lenis, Lottie		3D/WebGL	Light, muted	PSTimes, HelveticaNeueRegular	Vercel	
instrument.com	Motion-forward studios (capability ceiling)	Instrument   A technology-led brand, product, & marketing a…	Nuxt	Storyblok		GSAP, GSAP ScrollTrigger	Tiptap/ProseMirror, Swiper, Splide	Scroll-choreographed	Light, muted, teal accent · marquee	Instrument-Sans, Instrument-Serif-Italic	Netlify	
koto.studio	Motion-forward studios (capability ceiling)	Koto, an international creative agency building impactful b…	Next.js	Sanity	Tailwind	GSAP, GSAP ScrollTrigger, Rive		Scroll-choreographed	Dark, muted · span grid · marquee · video	gtKotoheimMono, gtKotoheim	Vercel	4.1.11
locomotive.ca	Motion-forward studios (capability ceiling)	Locomotive   Montreal web agency	Vue			three.js, GSAP, GSAP ScrollTrigger, Lenis, Locomotive Scroll, Lottie, Barba/Swup	Lexical, Swiper	3D/WebGL	theme n/a · video	HelveticaNowDisplay, LocomotiveNew	Cloudflare	
lusion.co	Motion-forward studios (capability ceiling)	Lusion - Award Winning 3D and Interactive Web Studio	Astro			three.js		3D/WebGL	Dark, muted	Aeonik, IBMPlexMono	Netlify	
metalab.com	Motion-forward studios (capability ceiling)	Metalab   We make interfaces	Next.js	Sanity		GSAP, GSAP ScrollTrigger, Lenis, Motion (Framer Motion)	Swiper	Scroll-choreographed	Light, muted	Basis Grotesque Pro, PP Eiko	Vercel	
obys.agency	Motion-forward studios (capability ceiling)	Obys Agency						Static/CSS	Dark, muted · canvas	Obys	nginx/1.24.0 (ubuntu)	
pentagram.com	Motion-forward studios (capability ceiling)	Pentagram — The world’s largest independent design consulta…			Tailwind	GSAP, GSAP ScrollTrigger, Barba/Swup	Swiper	Scroll-choreographed	Light, muted · span grid · video	Plain, swiper-icons	AWS CloudFront	
ramotion.com	Motion-forward studios (capability ceiling)	Digital Product Firm - Design Agency   Ramotion		DatoCMS		Lottie		JS motion	Light, red accent · video	Graphik	Netlify	
resn.co.nz	Motion-forward studios (capability ceiling)	Resn - Creative Digital Agency   Ideation, Design, and Deve…						Static/CSS	Dark, muted		AWS CloudFront	
rogierdeboeve.com	Motion-forward studios (capability ceiling)	Rogier de Boevé - Creative Developer	Astro			three.js, GSAP, GSAP ScrollTrigger, Lenis, Lottie		3D/WebGL	Dark, muted · mono accents · span grid	Neue Haas Grotesk Text, JB Mono	Netlify	
studiofreight.com	Motion-forward studios (capability ceiling)	Studio Freight	Nuxt	Storyblok		GSAP, GSAP ScrollTrigger, Lenis		Scroll-choreographed	Light, muted, orange accent	publico-text-mono-semibold, jjannon-regular	Vercel	
unseen.co	Motion-forward studios (capability ceiling)	Unseen Studio® – Brand, Digital & Motion		WordPress		three.js, GSAP, GSAP ScrollTrigger, Lottie		3D/WebGL	Dark, muted	Saol Display, Neue Montreal	nginx-rc	
wearecollins.com	Motion-forward studios (capability ceiling)	COLLINS	Nuxt	Sanity		Motion (Framer Motion), View Transitions API		JS motion	Light, muted, green accent	Graphik, Portrait Text	Netlify	
work.co	Motion-forward studios (capability ceiling)	Work & Co   Digital Product Agency	React	WordPress				Static/CSS	Light, muted, red accent	HelveticaNowDisplay	Cloudflare	
bsky.app	Consumer web apps	Bluesky	React		Radix		Mapbox/MapLibre/Leaflet, Tiptap/ProseMirror, Sonner	Static/CSS	Light + dark (follows OS), muted	InterVariable, InterVariableItalic		
chess.com	Consumer web apps	Chess.com - Play Chess Online - Free Games				Rive	Tiptap/ProseMirror	JS motion	Light + dark (follows OS), muted · video	Chess Sans, Chess V3	Cloudflare	
geoguessr.com	Consumer web apps	GeoGuessr - Let's explore the world!	Next.js			three.js, React Three Fiber, Lottie, react-spring		3D/WebGL	Dark, vivid, violet accent · video	ggFont, halloweenFonts	Cloudflare	
goodreads.com	Consumer web apps	Goodreads   Meet your next favorite book						Static/CSS	Light, muted		AWS CloudFront	
lichess.org	Consumer web apps	lichess.org • Free Online Chess						Static/CSS	Light + dark (follows OS), muted · marquee	Noto Sans, Roboto	nginx	
mastodon.social	Consumer web apps	Mastodon	React					Static/CSS	Light + dark (follows OS), muted, orange accent	mastodon-font-sans-serif, Inter	Fastly	
matter.com	Consumer web apps	Matter Intelligence		Webflow		GSAP, GSAP ScrollTrigger, Lenis		Scroll-choreographed	Light, muted · mono accents · video	[Old] ABC Monument Grotesk, [Old] ABC Diatype Mono	Vercel	
netflix.com	Consumer web apps	Netflix Israel - Watch TV Shows Online, Watch Movies Online			Emotion			Static/CSS	Dark, red accent · mono accents	Netflix Sans, Netflix Sans Debug	envoy	
omnivore.app	Consumer web apps	Omnivore	Next.js		Radix			Static/CSS	Light, muted · serif display	Inter, Lora	Cloudflare	
overcast.fm	Consumer web apps	Overcast						Static/CSS	Light, muted, orange accent		nginx	
pinterest.com	Consumer web apps	Pinterest						Static/CSS	Light, muted, red accent	Pin Sans		
pocketcasts.com	Consumer web apps	Listen to podcasts with the best free podcasting app - buil…	Remix/React Router	WordPress	Radix	Lottie		JS motion	Light, muted	RetinaNarrow, Retina	AWS CloudFront	
raindrop.io	Consumer web apps	Raindrop.io — All-in-one bookmark manager	Next.js					Static/CSS	Light, muted, blue accent · video		Cloudflare	
readwise.io	Consumer web apps	Readwise: Get the most out of what you read						Static/CSS	Light, vivid, orange accent · serif display	Source Serif 4, Albert Sans	Render	
reddit.com	Consumer web apps	Reddit						Static/CSS	Light + dark (follows OS), muted		snooserv	
soundcloud.com	Consumer web apps	Stream and listen to music online for free with SoundCloud						Static/CSS	Light + dark (follows OS), muted		AWS CloudFront	
splice.com	Consumer web apps	Royalty-Free Sounds, FX, Presets & More   Splice	SvelteKit, Svelte	Sanity				Static/CSS	Dark, vivid, blue accent · video	InterVariable, SoehneBreit	Cloudflare	
spotify.com	Consumer web apps	Spotify – Web Player	React		React Aria, styled-components, Emotion	Motion (Framer Motion), View Transitions API, CSS scroll-driven		Scroll-choreographed	Dark, muted, red accent	CircularSp-Deva, CircularSp-Grek	Fastly	
threads.com	Consumer web apps	Threads						Static/CSS	Mid-tone, muted			
tiktok.com	Consumer web apps							Static/CSS	Light, muted		tlb	
amperos.com	Gallery picks (MUI/Tailwind showcases, design galleries)	Home   Amperos	Next.js	Sanity	Tailwind, styled-components, Registry motion classes	Motion (Framer Motion), Rive	Sonner	JS motion	Mid-tone, vivid, orange accent · marquee · video	stkmiso, reckless	Vercel	
archiv.systems	Gallery picks (MUI/Tailwind showcases, design galleries)	ARCHIV						Static/CSS	Light, muted		Vercel	
barks.jp	Gallery picks (MUI/Tailwind showcases, design galleries)	BARKS   アーティストの新曲・動画・ライブ・コンサート情報をお届けする音楽メディア		WordPress		GSAP, Lenis	Swiper, Font Awesome	Scroll-choreographed	Light, muted	Noto Sans JP, Questrial	nginx	
bethesda.net	Gallery picks (MUI/Tailwind showcases, design galleries)	Home   Bethesda.net	Alpine.js		Tailwind			Static/CSS	Dark, vivid, blue accent	Montserrat, Trade Gothic LT Std	AWS CloudFront	
breeder.studio	Gallery picks (MUI/Tailwind showcases, design galleries)	Breeder	Next.js	Prismic	Tailwind			Static/CSS	Dark, muted · mono accents · video	Monument Grotesk, Monument Grotesk Mono	Cloudflare	2.2.19
captureapp.xyz	Gallery picks (MUI/Tailwind showcases, design galleries)	x402 Licensing Framework with C2PA & ERC-7053   Capture						Static/CSS	Dark, blue accent	Degular, Space Grotesk	GitHub Pages	
cityads.com	Gallery picks (MUI/Tailwind showcases, design galleries)	CityAds Media			MUI, Emotion		Material Symbols	Static/CSS	Dark, blue accent · video	Barlow, DINWebPro	nginx	
codementor.io	Gallery picks (MUI/Tailwind showcases, design galleries)	Codementor   Get live 1:1 coding help, hire a developer, & …	Next.js		styled-components			Static/CSS	Light, muted, teal accent		AWS CloudFront	
comet.com	Gallery picks (MUI/Tailwind showcases, design galleries)	Comet - The AI Developer Platform		WordPress				Static/CSS	Dark, vivid, blue accent · mono accents · marquee	Roboto, Roboto Mono	nginx	
crafted.is	Gallery picks (MUI/Tailwind showcases, design galleries)	Crafted Design Studio		Framer (site builder)		Motion (Framer Motion)		JS motion	Dark, muted · mono accents · video · canvas	Inter, Geist Mono	Framer	
elektrokid.be	Gallery picks (MUI/Tailwind showcases, design galleries)	Mixing & Mastering Brussels — Studio Elektrokid   Music Pro…		WordPress		three.js		3D/WebGL	Dark, muted	Space Grotesk	litespeed	
eq3.com	Gallery picks (MUI/Tailwind showcases, design galleries)	A modern Canadian approach to furniture and home goods   EQ3	Next.js		MUI, Emotion			Static/CSS	Mid-tone, muted	EQ3-Book, EQ3-Medium	AWS CloudFront	
fanspo.com	Gallery picks (MUI/Tailwind showcases, design galleries)	Fanspo   The Social Network for Sports Fans	Next.js		MUI, Emotion			Static/CSS	Dark, muted, orange accent	rmel-iconfont	Cloudflare	
forex.no	Gallery picks (MUI/Tailwind showcases, design galleries)	Valuta hos FOREX - Veksle valuta for reisen din   FOREX	Laravel, React		Tailwind		Swiper	Static/CSS	Light, vivid, yellow accent	Mulish, futuracondensed_bold	Cloudflare	
frame.io	Gallery picks (MUI/Tailwind showcases, design galleries)	Frame.io   Home	Next.js	Sanity	React Aria	GSAP, GSAP ScrollTrigger		Scroll-choreographed	Dark, blue accent	Inter, FrameGothic	Vercel	
getuni.co	Gallery picks (MUI/Tailwind showcases, design galleries)	Uni — The Invisible OS Layer With Full Context	Vue		Tailwind			Static/CSS	Light, vivid, orange accent	Geist	Vercel	4.3.3
heronaiapp.com	Gallery picks (MUI/Tailwind showcases, design galleries)	Heron AI   Works inside your design tools		Webflow	Emotion	GSAP, GSAP ScrollTrigger, Lenis, Barba/Swup	Swiper	Scroll-choreographed	Light, muted · marquee	BT Grotesk, webflow-icons	Netlify	
heropatterns.com	Gallery picks (MUI/Tailwind showcases, design galleries)	Hero Patterns   Free repeatable SVG background patterns for…			Bootstrap		Heroicons	Static/CSS	Light	Roboto	GitHub Pages	
hijup.com	Gallery picks (MUI/Tailwind showcases, design galleries)	Latest Scarf, Tunic, Long Dress Collection   HIJUP	Next.js	WordPress	Tailwind		Swiper	Static/CSS	Light, muted, orange accent	Inter, Lato	nginx/1.18.0 (ubuntu)	3.3.3
ifit.com	Gallery picks (MUI/Tailwind showcases, design galleries)	Workout App for At-Home Training, Cardio & Strength	Next.js			GSAP, GSAP ScrollTrigger, Motion (Framer Motion)	Splide	Scroll-choreographed	Dark, teal accent · mono accents · video	Geist Mono, Geist	Vercel	
jpl.nasa.gov	Gallery picks (MUI/Tailwind showcases, design galleries)	NASA Jet Propulsion Laboratory (JPL)   NASA Jet Propulsion …	Nuxt		Tailwind		AG Grid, Swiper	Static/CSS	Light, muted · span grid · video	Helvetica Now Display, Helvetica Now Text	AWS CloudFront	
lazy.so	Gallery picks (MUI/Tailwind showcases, design galleries)	Lazy • A capture tool for knowledge	Next.js		MUI, Emotion	GSAP, GSAP ScrollTrigger	Tiptap/ProseMirror	Scroll-choreographed	Dark, muted	Migra, Inter	heroku	
lesswrong.com	Gallery picks (MUI/Tailwind showcases, design galleries)	LessWrong	Next.js		MUI		Lexical	Static/CSS	Light, muted	GreekFallback, ETBookRoman	Vercel	
loaf.agency	Gallery picks (MUI/Tailwind showcases, design galleries)	Loaf - the beautiful idea						Static/CSS	Dark, muted		Cloudflare	
longitudedesign.com	Gallery picks (MUI/Tailwind showcases, design galleries)	Longitude   Hospitality Branding Agency for Hotels & Resorts	Alpine.js	WordPress	Tailwind	three.js		3D/WebGL	Dark, muted	dearflip	Cloudflare	3.4.17
nucleoapp.com	Gallery picks (MUI/Tailwind showcases, design galleries)	Nucleo – The Ultimate Icon Bundle			Tailwind			Static/CSS	Light, muted	PPNikkeiMaru, Inter	Cloudflare	
openclassrooms.com	Gallery picks (MUI/Tailwind showcases, design galleries)	OpenClassrooms						Static/CSS	Light, muted	Inter, inter-fallback	Cloudflare	
oxide.computer	Gallery picks (MUI/Tailwind showcases, design galleries)	Oxide Computer Company	Remix/React Router		Radix, Headless UI, Tailwind, Registry motion classes			JS motion	Dark, green accent · mono accents · span grid · marquee	SuisseIntl, GT America Mono	Vercel	
pablomiguez.dev	Gallery picks (MUI/Tailwind showcases, design galleries)	Web Designer & Creative Frontend Developer   Pablo Míguez	Next.js			GSAP, GSAP ScrollTrigger, Lenis	lucide icons	Scroll-choreographed	Dark, muted · marquee	Inter, Science Gothic	Vercel	
piszczek.pl	Gallery picks (MUI/Tailwind showcases, design galleries)	Michał Piszczek - CTO, Founder & AI Systems Builder				View Transitions API		JS motion	Dark, muted · mono accents · canvas	Space Grotesk, JetBrains Mono	Cloudflare	
pro.housecallpro.com	Gallery picks (MUI/Tailwind showcases, design galleries)	Housecall Pro						Static/CSS	Light, muted	Roboto		
quintoandar.com.br	Gallery picks (MUI/Tailwind showcases, design galleries)	Abra as portas para um novo morar - QuintoAndar	Next.js		MUI, Emotion		Swiper, Font Awesome	Static/CSS	Light, orange accent	Oatmeal, swiper-icons	AWS CloudFront	
rasaapp.com	Gallery picks (MUI/Tailwind showcases, design galleries)	Rasa — Bite-Sized Resets for the Nervous System	Next.js		shadcn/ui (likely), Tailwind, Registry motion classes	Motion (Framer Motion)		JS motion	Dark, orange accent · serif display · marquee	Inter, Playfair Display	Vercel	
raulvbrito.com	Gallery picks (MUI/Tailwind showcases, design galleries)	Raul Brito — Creative Technologist	React			three.js, React Three Fiber, GSAP, GSAP ScrollTrigger, Lenis, Motion (Framer Motion), react-spring		3D/WebGL	Mid-tone, red accent · video	Inter	Cloudflare	
refactoringui.com	Gallery picks (MUI/Tailwind showcases, design galleries)	Refactoring UI	Laravel, Inertia, React		Headless UI, Tailwind			Static/CSS	Dark, blue accent · mono accents · video	Inter var, Fira Code	Cloudflare	
rows.gg	Gallery picks (MUI/Tailwind showcases, design galleries)	Rows is an unapologetically simple way to track anything	Next.js			Motion (Framer Motion)		JS motion	Light, muted · canvas	Suisse Intl, Suisse Int\	Vercel	
saasinterface.com	Gallery picks (MUI/Tailwind showcases, design galleries)	The best SaaS app UI and UX examples for design inspiration…		WordPress	Tailwind			Static/CSS	Dark, muted, teal accent	Inter, Inter_Fallback	Cloudflare	3.3.2
saaslandingpage.com	Gallery picks (MUI/Tailwind showcases, design galleries)	The Best Landing Page Examples For Design Inspiration - Saa…		WordPress	Tailwind			Static/CSS	Light, muted, orange accent	Inter, Outfit	Cloudflare	3.3.6
themediaant.com	Gallery picks (MUI/Tailwind showcases, design galleries)	The Media Ant   Media Buying Agency   Ad Agency in India	Next.js		shadcn/ui (likely), Radix, MUI, Tailwind, Emotion			Static/CSS	Light, vivid, blue accent · span grid		AWS CloudFront	4.2.4
tinycomputer.co	Gallery picks (MUI/Tailwind showcases, design galleries)	Tiny Computer Co. — A small, independent software studio	Next.js		Tailwind	CSS scroll-driven		Scroll-choreographed	Light + dark (follows OS), muted · video	family, sohneMono	Vercel	
tryprofound.com	Gallery picks (MUI/Tailwind showcases, design galleries)	Profound   The AI Platform to Power Your Marketing	Next.js	Sanity	Radix, Tailwind, Registry motion classes	GSAP, GSAP ScrollTrigger, CSS scroll-driven	Recharts	Scroll-choreographed	Dark, muted · span grid · marquee	interVariable	Vercel	
